,gdp,Scenario,Year,GID_3,GID_0,COUNTRY,GID_1,NAME_1,NL_NAME_1,GID_2,NAME_2,NL_NAME_2,NAME_3,VARNAME_3,NL_NAME_3,TYPE_3,ENGTYPE_3,CC_3,HASC_3,lon,lat,center_lon,center_lat
0,388595520.0,SSP5,2100,BGD.2.4.2_1,BGD,Bangladesh,BGD.2_1,Chittagong,NA,BGD.2.4_1,Chittagong,NA,Bakalia,NA,NA,Upazilla,Upazilla,201510,NA,91.81258627121643,22.46924129602307,91.81237988562592,22.353154446362996
1,42858976.0,SSP5,2100,BGD.2.4.2_1,BGD,Bangladesh,BGD.2_1,Chittagong,NA,BGD.2.4_1,Chittagong,NA,Bakalia,NA,NA,Upazilla,Upazilla,201510,NA,91.77133501378432,22.461065682692027,,
2,44848632.0,SSP5,2100,BGD.2.4.2_1,BGD,Bangladesh,BGD.2_1,Chittagong,NA,BGD.2.4_1,Chittagong,NA,Bakalia,NA,NA,Upazilla,Upazilla,201510,NA,91.77941912298112,22.461987245322,,
3,123677824.0,SSP5,2100,BGD.2.4.2_1,BGD,Bangladesh,BGD.2_1,Chittagong,NA,BGD.2.4_1,Chittagong,NA,Bakalia,NA,NA,Upazilla,Upazilla,201510,NA,91.7874925548773,22.462125731860137,,
4,317303200.0,SSP5,2100,BGD.2.4.2_1,BGD,Bangladesh,BGD.2_1,Chittagong,NA,BGD.2.4_1,Chittagong,NA,Bakalia,NA,NA,Upazilla,Upazilla,201510,NA,91.79587755556693,22.46245128785097,,
5,274495648.0,SSP5,2100,BGD.2.4.2_1,BGD,Bangladesh,BGD.2_1,Chittagong,NA,BGD.2.4_1,Chittagong,NA,Bakalia,NA,NA,Upazilla,Upazilla,201510,NA,91.80416666666667,22.462499999999995,,
6,320204320.0,SSP5,2100,BGD.2.4.2_1,BGD,Bangladesh,BGD.2_1,Chittagong,NA,BGD.2.4_1,Chittagong,NA,Bakalia,NA,NA,Upazilla,Upazilla,201510,NA,91.8125,22.462499999999995,,
7,320047232.0,SSP5,2100,BGD.2.4.2_1,BGD,Bangladesh,BGD.2_1,Chittagong,NA,BGD.2.4_1,Chittagong,NA,Bakalia,NA,NA,Upazilla,Upazilla,201510,NA,91.81934177820992,22.462493120937626,,
8,27331502.0,SSP5,2100,BGD.2.4.2_1,BGD,Bangladesh,BGD.2_1,Chittagong,NA,BGD.2.4_1,Chittagong,NA,Bakalia,NA,NA,Upazilla,Upazilla,201510,NA,91.77091904525862,22.454211413778967,,
9,30159688.0,SSP5,2100,BGD.2.4.2_1,BGD,Bangladesh,BGD.2_1,Chittagong,NA,BGD.2.4_1,Chittagong,NA,Bakalia,NA,NA,Upazilla,Upazilla,201510,NA,91.77916666666668,22.454166666666662,,
10,35584676.0,SSP5,2100,BGD.2.4.2_1,BGD,Bangladesh,BGD.2_1,Chittagong,NA,BGD.2.4_1,Chittagong,NA,Bakalia,NA,NA,Upazilla,Upazilla,201510,NA,91.78750000000001,22.454166666666662,,
11,75490072.0,SSP5,2100,BGD.2.4.2_1,BGD,Bangladesh,BGD.2_1,Chittagong,NA,BGD.2.4_1,Chittagong,NA,Bakalia,NA,NA,Upazilla,Upazilla,201510,NA,91.79583333333335,22.454166666666662,,
12,267222656.0,SSP5,2100,BGD.2.4.2_1,BGD,Bangladesh,BGD.2_1,Chittagong,NA,BGD.2.4_1,Chittagong,NA,Bakalia,NA,NA,Upazilla,Upazilla,201510,NA,91.80416666666667,22.454166666666662,,
13,309921856.0,SSP5,2100,BGD.2.4.2_1,BGD,Bangladesh,BGD.2_1,Chittagong,NA,BGD.2.4_1,Chittagong,NA,Bakalia,NA,NA,Upazilla,Upazilla,201510,NA,91.8125,22.454166666666662,,
14,343753504.0,SSP5,2100,BGD.2.4.2_1,BGD,Bangladesh,BGD.2_1,Chittagong,NA,BGD.2.4_1,Chittagong,NA,Bakalia,NA,NA,Upazilla,Upazilla,201510,NA,91.81971538188547,22.454039163376937,,
15,39561088.0,SSP5,2100,BGD.2.4.2_1,BGD,Bangladesh,BGD.2_1,Chittagong,NA,BGD.2.4_1,Chittagong,NA,Bakalia,NA,NA,Upazilla,Upazilla,201510,NA,91.77269053848195,22.445857517593247,,
16,38157232.0,SSP5,2100,BGD.2.4.2_1,BGD,Bangladesh,BGD.2_1,Chittagong,NA,BGD.2.4_1,Chittagong,NA,Bakalia,NA,NA,Upazilla,Upazilla,201510,NA,91.77916666666668,22.44583333333333,,
17,33960940.0,SSP5,2100,BGD.2.4.2_1,BGD,Bangladesh,BGD.2_1,Chittagong,NA,BGD.2.4_1,Chittagong,NA,Bakalia,NA,NA,Upazilla,Upazilla,201510,NA,91.78750000000001,22.44583333333333,,
18,76212912.0,SSP5,2100,BGD.2.4.2_1,BGD,Bangladesh,BGD.2_1,Chittagong,NA,BGD.2.4_1,Chittagong,NA,Bakalia,NA,NA,Upazilla,Upazilla,201510,NA,91.79583333333335,22.44583333333333,,
19,217536960.0,SSP5,2100,BGD.2.4.2_1,BGD,Bangladesh,BGD.2_1,Chittagong,NA,BGD.2.4_1,Chittagong,NA,Bakalia,NA,NA,Upazilla,Upazilla,201510,NA,91.80416666666667,22.44583333333333,,
20,308506368.0,SSP5,2100,BGD.2.4.2_1,BGD,Bangladesh,BGD.2_1,Chittagong,NA,BGD.2.4_1,Chittagong,NA,Bakalia,NA,NA,Upazilla,Upazilla,201510,NA,91.8125,22.44583333333333,,
21,582598784.0,SSP5,2100,BGD.2.4.2_1,BGD,Bangladesh,BGD.2_1,Chittagong,NA,BGD.2.4_1,Chittagong,NA,Bakalia,NA,NA,Upazilla,Upazilla,201510,NA,91.82041412981319,22.445691821750636,,
22,41350320.0,SSP5,2100,BGD.2.4.2_1,BGD,Bangladesh,BGD.2_1,Chittagong,NA,BGD.2.4_1,Chittagong,NA,Bakalia,NA,NA,Upazilla,Upazilla,201510,NA,91.77916666666668,22.437499999999993,,
23,49001996.0,SSP5,2100,BGD.2.4.2_1,BGD,Bangladesh,BGD.2_1,Chittagong,NA,BGD.2.4_1,Chittagong,NA,Bakalia,NA,NA,Upazilla,Upazilla,201510,NA,91.78750000000001,22.437499999999996,,
24,147738416.0,SSP5,2100,BGD.2.4.2_1,BGD,Bangladesh,BGD.2_1,Chittagong,NA,BGD.2.4_1,Chittagong,NA,Bakalia,NA,NA,Upazilla,Upazilla,201510,NA,91.79583333333333,22.437499999999993,,
25,239032640.0,SSP5,2100,BGD.2.4.2_1,BGD,Bangladesh,BGD.2_1,Chittagong,NA,BGD.2.4_1,Chittagong,NA,Bakalia,NA,NA,Upazilla,Upazilla,201510,NA,91.80416666666667,22.437499999999996,,
26,321493568.0,SSP5,2100,BGD.2.4.2_1,BGD,Bangladesh,BGD.2_1,Chittagong,NA,BGD.2.4_1,Chittagong,NA,Bakalia,NA,NA,Upazilla,Upazilla,201510,NA,91.8125,22.437499999999993,,
27,540765696.0,SSP5,2100,BGD.2.4.2_1,BGD,Bangladesh,BGD.2_1,Chittagong,NA,BGD.2.4_1,Chittagong,NA,Bakalia,NA,NA,Upazilla,Upazilla,201510,NA,91.82083333333334,22.437499999999996,,
28,0.0,SSP5,2100,BGD.2.4.2_1,BGD,Bangladesh,BGD.2_1,Chittagong,NA,BGD.2.4_1,Chittagong,NA,Bakalia,NA,NA,Upazilla,Upazilla,201510,NA,91.86171859064142,22.427011856342347,,
29,43185460.0,SSP5,2100,BGD.2.4.2_1,BGD,Bangladesh,BGD.2_1,Chittagong,NA,BGD.2.4_1,Chittagong,NA,Bakalia,NA,NA,Upazilla,Upazilla,201510,NA,91.77956162317213,22.429504941399507,,
30,120909744.0,SSP5,2100,BGD.2.4.2_1,BGD,Bangladesh,BGD.2_1,Chittagong,NA,BGD.2.4_1,Chittagong,NA,Bakalia,NA,NA,Upazilla,Upazilla,201510,NA,91.78750000000001,22.429166666666664,,
31,123187576.0,SSP5,2100,BGD.2.4.2_1,BGD,Bangladesh,BGD.2_1,Chittagong,NA,BGD.2.4_1,Chittagong,NA,Bakalia,NA,NA,Upazilla,Upazilla,201510,NA,91.79583333333335,22.429166666666656,,
32,264562464.0,SSP5,2100,BGD.2.4.2_1,BGD,Bangladesh,BGD.2_1,Chittagong,NA,BGD.2.4_1,Chittagong,NA,Bakalia,NA,NA,Upazilla,Upazilla,201510,NA,91.80416666666667,22.429166666666664,,
33,383039712.0,SSP5,2100,BGD.2.4.2_1,BGD,Bangladesh,BGD.2_1,Chittagong,NA,BGD.2.4_1,Chittagong,NA,Bakalia,NA,NA,Upazilla,Upazilla,201510,NA,91.8125,22.429166666666656,,
34,533840224.0,SSP5,2100,BGD.2.4.2_1,BGD,Bangladesh,BGD.2_1,Chittagong,NA,BGD.2.4_1,Chittagong,NA,Bakalia,NA,NA,Upazilla,Upazilla,201510,NA,91.82075169500946,22.429205292641893,,
35,280350368.0,SSP5,2100,BGD.2.4.2_1,BGD,Bangladesh,BGD.2_1,Chittagong,NA,BGD.2.4_1,Chittagong,NA,Bakalia,NA,NA,Upazilla,Upazilla,201510,NA,91.87934749102574,22.429017903933605,,
36,215960512.0,SSP5,2100,BGD.2.4.2_1,BGD,Bangladesh,BGD.2_1,Chittagong,NA,BGD.2.4_1,Chittagong,NA,Bakalia,NA,NA,Upazilla,Upazilla,201510,NA,91.8875,22.429166666666656,,
37,79002904.0,SSP5,2100,BGD.2.4.2_1,BGD,Bangladesh,BGD.2_1,Chittagong,NA,BGD.2.4_1,Chittagong,NA,Bakalia,NA,NA,Upazilla,Upazilla,201510,NA,91.78107410620174,22.420915390556193,,
38,128173984.0,SSP5,2100,BGD.2.4.2_1,BGD,Bangladesh,BGD.2_1,Chittagong,NA,BGD.2.4_1,Chittagong,NA,Bakalia,NA,NA,Upazilla,Upazilla,201510,NA,91.78750000000001,22.420833333333327,,
39,274013600.0,SSP5,2100,BGD.2.4.2_1,BGD,Bangladesh,BGD.2_1,Chittagong,NA,BGD.2.4_1,Chittagong,NA,Bakalia,NA,NA,Upazilla,Upazilla,201510,NA,91.79583333333335,22.420833333333327,,
40,427117792.0,SSP5,2100,BGD.2.4.2_1,BGD,Bangladesh,BGD.2_1,Chittagong,NA,BGD.2.4_1,Chittagong,NA,Bakalia,NA,NA,Upazilla,Upazilla,201510,NA,91.80416666666667,22.420833333333327,,
41,1762849024.0,SSP5,2100,BGD.2.4.2_1,BGD,Bangladesh,BGD.2_1,Chittagong,NA,BGD.2.4_1,Chittagong,NA,Bakalia,NA,NA,Upazilla,Upazilla,201510,NA,91.8125,22.420833333333327,,
42,1641265280.0,SSP5,2100,BGD.2.4.2_1,BGD,Bangladesh,BGD.2_1,Chittagong,NA,BGD.2.4_1,Chittagong,NA,Bakalia,NA,NA,Upazilla,Upazilla,201510,NA,91.82081784606973,22.420828087130033,,
43,383066816.0,SSP5,2100,BGD.2.4.2_1,BGD,Bangladesh,BGD.2_1,Chittagong,NA,BGD.2.4_1,Chittagong,NA,Bakalia,NA,NA,Upazilla,Upazilla,201510,NA,91.87916666666668,22.420833333333327,,
44,216072320.0,SSP5,2100,BGD.2.4.2_1,BGD,Bangladesh,BGD.2_1,Chittagong,NA,BGD.2.4_1,Chittagong,NA,Bakalia,NA,NA,Upazilla,Upazilla,201510,NA,91.88720136684677,22.421007802835675,,
45,143522864.0,SSP5,2100,BGD.2.4.2_1,BGD,Bangladesh,BGD.2_1,Chittagong,NA,BGD.2.4_1,Chittagong,NA,Bakalia,NA,NA,Upazilla,Upazilla,201510,NA,91.78750000000001,22.412499999999994,,
46,322681952.0,SSP5,2100,BGD.2.4.2_1,BGD,Bangladesh,BGD.2_1,Chittagong,NA,BGD.2.4_1,Chittagong,NA,Bakalia,NA,NA,Upazilla,Upazilla,201510,NA,91.79583333333335,22.412499999999994,,
47,536438944.0,SSP5,2100,BGD.2.4.2_1,BGD,Bangladesh,BGD.2_1,Chittagong,NA,BGD.2.4_1,Chittagong,NA,Bakalia,NA,NA,Upazilla,Upazilla,201510,NA,91.80416666666667,22.412499999999994,,
48,913283136.0,SSP5,2100,BGD.2.4.2_1,BGD,Bangladesh,BGD.2_1,Chittagong,NA,BGD.2.4_1,Chittagong,NA,Bakalia,NA,NA,Upazilla,Upazilla,201510,NA,91.8125,22.412499999999994,,
49,1708920576.0,SSP5,2100,BGD.2.4.2_1,BGD,Bangladesh,BGD.2_1,Chittagong,NA,BGD.2.4_1,Chittagong,NA,Bakalia,NA,NA,Upazilla,Upazilla,201510,NA,91.82083333333334,22.412499999999994,,
50,801279488.0,SSP5,2100,BGD.2.4.2_1,BGD,Bangladesh,BGD.2_1,Chittagong,NA,BGD.2.4_1,Chittagong,NA,Bakalia,NA,NA,Upazilla,Upazilla,201510,NA,91.82916666666668,22.412499999999994,,
51,417468768.0,SSP5,2100,BGD.2.4.2_1,BGD,Bangladesh,BGD.2_1,Chittagong,NA,BGD.2.4_1,Chittagong,NA,Bakalia,NA,NA,Upazilla,Upazilla,201510,NA,91.83749999999999,22.412499999999994,,
52,295885120.0,SSP5,2100,BGD.2.4.2_1,BGD,Bangladesh,BGD.2_1,Chittagong,NA,BGD.2.4_1,Chittagong,NA,Bakalia,NA,NA,Upazilla,Upazilla,201510,NA,91.845220655422,22.41194742758536,,
53,591563008.0,SSP5,2100,BGD.2.4.2_1,BGD,Bangladesh,BGD.2_1,Chittagong,NA,BGD.2.4_1,Chittagong,NA,Bakalia,NA,NA,Upazilla,Upazilla,201510,NA,91.87230597325659,22.41258238808601,,
54,525468288.0,SSP5,2100,BGD.2.4.2_1,BGD,Bangladesh,BGD.2_1,Chittagong,NA,BGD.2.4_1,Chittagong,NA,Bakalia,NA,NA,Upazilla,Upazilla,201510,NA,91.87916666666668,22.412499999999994,,
55,74693.453125,SSP5,2100,BGD.2.4.2_1,BGD,Bangladesh,BGD.2_1,Chittagong,NA,BGD.2.4_1,Chittagong,NA,Bakalia,NA,NA,Upazilla,Upazilla,201510,NA,91.8875,22.412499999999994,,
56,265476064.0,SSP5,2100,BGD.2.4.2_1,BGD,Bangladesh,BGD.2_1,Chittagong,NA,BGD.2.4_1,Chittagong,NA,Bakalia,NA,NA,Upazilla,Upazilla,201510,NA,91.78815707640567,22.404601947098485,,
57,365523360.0,SSP5,2100,BGD.2.4.2_1,BGD,Bangladesh,BGD.2_1,Chittagong,NA,BGD.2.4_1,Chittagong,NA,Bakalia,NA,NA,Upazilla,Upazilla,201510,NA,91.79583333333335,22.40416666666666,,
58,1741609344.0,SSP5,2100,BGD.2.4.2_1,BGD,Bangladesh,BGD.2_1,Chittagong,NA,BGD.2.4_1,Chittagong,NA,Bakalia,NA,NA,Upazilla,Upazilla,201510,NA,91.80416666666667,22.40416666666666,,
59,861562752.0,SSP5,2100,BGD.2.4.2_1,BGD,Bangladesh,BGD.2_1,Chittagong,NA,BGD.2.4_1,Chittagong,NA,Bakalia,NA,NA,Upazilla,Upazilla,201510,NA,91.8125,22.40416666666666,,
60,5835611648.0,SSP5,2100,BGD.2.4.2_1,BGD,Bangladesh,BGD.2_1,Chittagong,NA,BGD.2.4_1,Chittagong,NA,Bakalia,NA,NA,Upazilla,Upazilla,201510,NA,91.82083333333334,22.40416666666666,,
61,2169123584.0,SSP5,2100,BGD.2.4.2_1,BGD,Bangladesh,BGD.2_1,Chittagong,NA,BGD.2.4_1,Chittagong,NA,Bakalia,NA,NA,Upazilla,Upazilla,201510,NA,91.82916666666668,22.40416666666666,,
62,1597782016.0,SSP5,2100,BGD.2.4.2_1,BGD,Bangladesh,BGD.2_1,Chittagong,NA,BGD.2.4_1,Chittagong,NA,Bakalia,NA,NA,Upazilla,Upazilla,201510,NA,91.83749999999999,22.40416666666666,,
63,1491054848.0,SSP5,2100,BGD.2.4.2_1,BGD,Bangladesh,BGD.2_1,Chittagong,NA,BGD.2.4_1,Chittagong,NA,Bakalia,NA,NA,Upazilla,Upazilla,201510,NA,91.84583333333333,22.40416666666666,,
64,1382688768.0,SSP5,2100,BGD.2.4.2_1,BGD,Bangladesh,BGD.2_1,Chittagong,NA,BGD.2.4_1,Chittagong,NA,Bakalia,NA,NA,Upazilla,Upazilla,201510,NA,91.85424947823012,22.404024215263696,,
65,1803056384.0,SSP5,2100,BGD.2.4.2_1,BGD,Bangladesh,BGD.2_1,Chittagong,NA,BGD.2.4_1,Chittagong,NA,Bakalia,NA,NA,Upazilla,Upazilla,201510,NA,91.86236376646708,22.40397499051224,,
66,1535064704.0,SSP5,2100,BGD.2.4.2_1,BGD,Bangladesh,BGD.2_1,Chittagong,NA,BGD.2.4_1,Chittagong,NA,Bakalia,NA,NA,Upazilla,Upazilla,201510,NA,91.87094632835195,22.403985606561882,,
67,654063616.0,SSP5,2100,BGD.2.4.2_1,BGD,Bangladesh,BGD.2_1,Chittagong,NA,BGD.2.4_1,Chittagong,NA,Bakalia,NA,NA,Upazilla,Upazilla,201510,NA,91.87916666666668,22.40416666666666,,
68,105921.7265625,SSP5,2100,BGD.2.4.2_1,BGD,Bangladesh,BGD.2_1,Chittagong,NA,BGD.2.4_1,Chittagong,NA,Bakalia,NA,NA,Upazilla,Upazilla,201510,NA,91.8875,22.40416666666666,,
69,18326.6875,SSP5,2100,BGD.2.4.2_1,BGD,Bangladesh,BGD.2_1,Chittagong,NA,BGD.2.4_1,Chittagong,NA,Bakalia,NA,NA,Upazilla,Upazilla,201510,NA,91.89380417928847,22.404238674557522,,
70,493319872.0,SSP5,2100,BGD.2.4.2_1,BGD,Bangladesh,BGD.2_1,Chittagong,NA,BGD.2.4_1,Chittagong,NA,Bakalia,NA,NA,Upazilla,Upazilla,201510,NA,91.79583333333335,22.39583333333333,,
71,2368779264.0,SSP5,2100,BGD.2.4.2_1,BGD,Bangladesh,BGD.2_1,Chittagong,NA,BGD.2.4_1,Chittagong,NA,Bakalia,NA,NA,Upazilla,Upazilla,201510,NA,91.80416666666667,22.395833333333332,,
72,7671227904.0,SSP5,2100,BGD.2.4.2_1,BGD,Bangladesh,BGD.2_1,Chittagong,NA,BGD.2.4_1,Chittagong,NA,Bakalia,NA,NA,Upazilla,Upazilla,201510,NA,91.8125,22.39583333333333,,
73,17225590784.0,SSP5,2100,BGD.2.4.2_1,BGD,Bangladesh,BGD.2_1,Chittagong,NA,BGD.2.4_1,Chittagong,NA,Bakalia,NA,NA,Upazilla,Upazilla,201510,NA,91.82083333333334,22.395833333333332,,
74,7446565888.0,SSP5,2100,BGD.2.4.2_1,BGD,Bangladesh,BGD.2_1,Chittagong,NA,BGD.2.4_1,Chittagong,NA,Bakalia,NA,NA,Upazilla,Upazilla,201510,NA,91.82916666666668,22.39583333333333,,
75,5005856768.0,SSP5,2100,BGD.2.4.2_1,BGD,Bangladesh,BGD.2_1,Chittagong,NA,BGD.2.4_1,Chittagong,NA,Bakalia,NA,NA,Upazilla,Upazilla,201510,NA,91.83749999999999,22.395833333333332,,
76,1657003648.0,SSP5,2100,BGD.2.4.2_1,BGD,Bangladesh,BGD.2_1,Chittagong,NA,BGD.2.4_1,Chittagong,NA,Bakalia,NA,NA,Upazilla,Upazilla,201510,NA,91.84583333333333,22.39583333333333,,
77,2000780416.0,SSP5,2100,BGD.2.4.2_1,BGD,Bangladesh,BGD.2_1,Chittagong,NA,BGD.2.4_1,Chittagong,NA,Bakalia,NA,NA,Upazilla,Upazilla,201510,NA,91.85416666666669,22.395833333333332,,
78,9421205504.0,SSP5,2100,BGD.2.4.2_1,BGD,Bangladesh,BGD.2_1,Chittagong,NA,BGD.2.4_1,Chittagong,NA,Bakalia,NA,NA,Upazilla,Upazilla,201510,NA,91.86250000000001,22.39583333333333,,
79,10129829888.0,SSP5,2100,BGD.2.4.2_1,BGD,Bangladesh,BGD.2_1,Chittagong,NA,BGD.2.4_1,Chittagong,NA,Bakalia,NA,NA,Upazilla,Upazilla,201510,NA,91.87083333333334,22.395833333333332,,
80,3191874304.0,SSP5,2100,BGD.2.4.2_1,BGD,Bangladesh,BGD.2_1,Chittagong,NA,BGD.2.4_1,Chittagong,NA,Bakalia,NA,NA,Upazilla,Upazilla,201510,NA,91.87916666666668,22.39583333333333,,
81,183664.75,SSP5,2100,BGD.2.4.2_1,BGD,Bangladesh,BGD.2_1,Chittagong,NA,BGD.2.4_1,Chittagong,NA,Bakalia,NA,NA,Upazilla,Upazilla,201510,NA,91.8875,22.39583333333333,,
82,392837152.0,SSP5,2100,BGD.2.4.2_1,BGD,Bangladesh,BGD.2_1,Chittagong,NA,BGD.2.4_1,Chittagong,NA,Bakalia,NA,NA,Upazilla,Upazilla,201510,NA,91.77980981183076,22.386867873487034,,
83,420607776.0,SSP5,2100,BGD.2.4.2_1,BGD,Bangladesh,BGD.2_1,Chittagong,NA,BGD.2.4_1,Chittagong,NA,Bakalia,NA,NA,Upazilla,Upazilla,201510,NA,91.78750000000001,22.387499999999996,,
84,680313984.0,SSP5,2100,BGD.2.4.2_1,BGD,Bangladesh,BGD.2_1,Chittagong,NA,BGD.2.4_1,Chittagong,NA,Bakalia,NA,NA,Upazilla,Upazilla,201510,NA,91.79583333333335,22.3875,,
85,6770845184.0,SSP5,2100,BGD.2.4.2_1,BGD,Bangladesh,BGD.2_1,Chittagong,NA,BGD.2.4_1,Chittagong,NA,Bakalia,NA,NA,Upazilla,Upazilla,201510,NA,91.80416666666667,22.387499999999996,,
86,11561763840.0,SSP5,2100,BGD.2.4.2_1,BGD,Bangladesh,BGD.2_1,Chittagong,NA,BGD.2.4_1,Chittagong,NA,Bakalia,NA,NA,Upazilla,Upazilla,201510,NA,91.8125,22.3875,,
87,9475357696.0,SSP5,2100,BGD.2.4.2_1,BGD,Bangladesh,BGD.2_1,Chittagong,NA,BGD.2.4_1,Chittagong,NA,Bakalia,NA,NA,Upazilla,Upazilla,201510,NA,91.82083333333334,22.387499999999996,,
88,8599121920.0,SSP5,2100,BGD.2.4.2_1,BGD,Bangladesh,BGD.2_1,Chittagong,NA,BGD.2.4_1,Chittagong,NA,Bakalia,NA,NA,Upazilla,Upazilla,201510,NA,91.82916666666668,22.3875,,
89,5707633664.0,SSP5,2100,BGD.2.4.2_1,BGD,Bangladesh,BGD.2_1,Chittagong,NA,BGD.2.4_1,Chittagong,NA,Bakalia,NA,NA,Upazilla,Upazilla,201510,NA,91.83749999999999,22.387499999999996,,
90,1899604736.0,SSP5,2100,BGD.2.4.2_1,BGD,Bangladesh,BGD.2_1,Chittagong,NA,BGD.2.4_1,Chittagong,NA,Bakalia,NA,NA,Upazilla,Upazilla,201510,NA,91.84583333333333,22.3875,,
91,2323215360.0,SSP5,2100,BGD.2.4.2_1,BGD,Bangladesh,BGD.2_1,Chittagong,NA,BGD.2.4_1,Chittagong,NA,Bakalia,NA,NA,Upazilla,Upazilla,201510,NA,91.85416666666669,22.387499999999996,,
92,12491648000.0,SSP5,2100,BGD.2.4.2_1,BGD,Bangladesh,BGD.2_1,Chittagong,NA,BGD.2.4_1,Chittagong,NA,Bakalia,NA,NA,Upazilla,Upazilla,201510,NA,91.86250000000001,22.3875,,
93,16336690176.0,SSP5,2100,BGD.2.4.2_1,BGD,Bangladesh,BGD.2_1,Chittagong,NA,BGD.2.4_1,Chittagong,NA,Bakalia,NA,NA,Upazilla,Upazilla,201510,NA,91.87083333333334,22.387499999999996,,
94,3244840448.0,SSP5,2100,BGD.2.4.2_1,BGD,Bangladesh,BGD.2_1,Chittagong,NA,BGD.2.4_1,Chittagong,NA,Bakalia,NA,NA,Upazilla,Upazilla,201510,NA,91.87916666666668,22.3875,,
95,115923.5390625,SSP5,2100,BGD.2.4.2_1,BGD,Bangladesh,BGD.2_1,Chittagong,NA,BGD.2.4_1,Chittagong,NA,Bakalia,NA,NA,Upazilla,Upazilla,201510,NA,91.8867481273626,22.388988829967573,,
96,3546809600.0,SSP5,2100,BGD.2.4.2_1,BGD,Bangladesh,BGD.2_1,Chittagong,NA,BGD.2.4_1,Chittagong,NA,Bakalia,NA,NA,Upazilla,Upazilla,201510,NA,91.77135297188049,22.378813151172494,,
97,2445074176.0,SSP5,2100,BGD.2.4.2_1,BGD,Bangladesh,BGD.2_1,Chittagong,NA,BGD.2.4_1,Chittagong,NA,Bakalia,NA,NA,Upazilla,Upazilla,201510,NA,91.77916666666668,22.379166666666663,,
98,1717082368.0,SSP5,2100,BGD.2.4.2_1,BGD,Bangladesh,BGD.2_1,Chittagong,NA,BGD.2.4_1,Chittagong,NA,Bakalia,NA,NA,Upazilla,Upazilla,201510,NA,91.78750000000001,22.379166666666663,,
99,572984256.0,SSP5,2100,BGD.2.4.2_1,BGD,Bangladesh,BGD.2_1,Chittagong,NA,BGD.2.4_1,Chittagong,NA,Bakalia,NA,NA,Upazilla,Upazilla,201510,NA,91.79583333333335,22.379166666666663,,
100,8640366592.0,SSP5,2100,BGD.2.4.2_1,BGD,Bangladesh,BGD.2_1,Chittagong,NA,BGD.2.4_1,Chittagong,NA,Bakalia,NA,NA,Upazilla,Upazilla,201510,NA,91.80416666666667,22.379166666666663,,
101,25923815424.0,SSP5,2100,BGD.2.4.2_1,BGD,Bangladesh,BGD.2_1,Chittagong,NA,BGD.2.4_1,Chittagong,NA,Bakalia,NA,NA,Upazilla,Upazilla,201510,NA,91.8125,22.379166666666663,,
102,16583921664.0,SSP5,2100,BGD.2.4.2_1,BGD,Bangladesh,BGD.2_1,Chittagong,NA,BGD.2.4_1,Chittagong,NA,Bakalia,NA,NA,Upazilla,Upazilla,201510,NA,91.82083333333334,22.379166666666663,,
103,8820460544.0,SSP5,2100,BGD.2.4.2_1,BGD,Bangladesh,BGD.2_1,Chittagong,NA,BGD.2.4_1,Chittagong,NA,Bakalia,NA,NA,Upazilla,Upazilla,201510,NA,91.82916666666668,22.379166666666663,,
104,6606711808.0,SSP5,2100,BGD.2.4.2_1,BGD,Bangladesh,BGD.2_1,Chittagong,NA,BGD.2.4_1,Chittagong,NA,Bakalia,NA,NA,Upazilla,Upazilla,201510,NA,91.83749999999999,22.379166666666663,,
105,7488350720.0,SSP5,2100,BGD.2.4.2_1,BGD,Bangladesh,BGD.2_1,Chittagong,NA,BGD.2.4_1,Chittagong,NA,Bakalia,NA,NA,Upazilla,Upazilla,201510,NA,91.84583333333333,22.379166666666663,,
106,7398274560.0,SSP5,2100,BGD.2.4.2_1,BGD,Bangladesh,BGD.2_1,Chittagong,NA,BGD.2.4_1,Chittagong,NA,Bakalia,NA,NA,Upazilla,Upazilla,201510,NA,91.85416666666669,22.379166666666663,,
107,4730584576.0,SSP5,2100,BGD.2.4.2_1,BGD,Bangladesh,BGD.2_1,Chittagong,NA,BGD.2.4_1,Chittagong,NA,Bakalia,NA,NA,Upazilla,Upazilla,201510,NA,91.86250000000001,22.379166666666663,,
108,3756969216.0,SSP5,2100,BGD.2.4.2_1,BGD,Bangladesh,BGD.2_1,Chittagong,NA,BGD.2.4_1,Chittagong,NA,Bakalia,NA,NA,Upazilla,Upazilla,201510,NA,91.87083333333334,22.379166666666663,,
109,115679.015625,SSP5,2100,BGD.2.4.2_1,BGD,Bangladesh,BGD.2_1,Chittagong,NA,BGD.2.4_1,Chittagong,NA,Bakalia,NA,NA,Upazilla,Upazilla,201510,NA,91.87886150014062,22.37937240214629,,
110,57827.75390625,SSP5,2100,BGD.2.4.2_1,BGD,Bangladesh,BGD.2_1,Chittagong,NA,BGD.2.4_1,Chittagong,NA,Bakalia,NA,NA,Upazilla,Upazilla,201510,NA,91.75440169057269,22.370045382962402,,
111,995160576.0,SSP5,2100,BGD.2.4.2_1,BGD,Bangladesh,BGD.2_1,Chittagong,NA,BGD.2.4_1,Chittagong,NA,Bakalia,NA,NA,Upazilla,Upazilla,201510,NA,91.76252008940918,22.37081181361057,,
112,13798617088.0,SSP5,2100,BGD.2.4.2_1,BGD,Bangladesh,BGD.2_1,Chittagong,NA,BGD.2.4_1,Chittagong,NA,Bakalia,NA,NA,Upazilla,Upazilla,201510,NA,91.77083333333336,22.37083333333333,,
113,10589378560.0,SSP5,2100,BGD.2.4.2_1,BGD,Bangladesh,BGD.2_1,Chittagong,NA,BGD.2.4_1,Chittagong,NA,Bakalia,NA,NA,Upazilla,Upazilla,201510,NA,91.77916666666668,22.370833333333334,,
114,5742846976.0,SSP5,2100,BGD.2.4.2_1,BGD,Bangladesh,BGD.2_1,Chittagong,NA,BGD.2.4_1,Chittagong,NA,Bakalia,NA,NA,Upazilla,Upazilla,201510,NA,91.78750000000001,22.37083333333333,,
115,2167975936.0,SSP5,2100,BGD.2.4.2_1,BGD,Bangladesh,BGD.2_1,Chittagong,NA,BGD.2.4_1,Chittagong,NA,Bakalia,NA,NA,Upazilla,Upazilla,201510,NA,91.79583333333333,22.370833333333334,,
116,8907745280.0,SSP5,2100,BGD.2.4.2_1,BGD,Bangladesh,BGD.2_1,Chittagong,NA,BGD.2.4_1,Chittagong,NA,Bakalia,NA,NA,Upazilla,Upazilla,201510,NA,91.80416666666667,22.37083333333333,,
117,15743932416.0,SSP5,2100,BGD.2.4.2_1,BGD,Bangladesh,BGD.2_1,Chittagong,NA,BGD.2.4_1,Chittagong,NA,Bakalia,NA,NA,Upazilla,Upazilla,201510,NA,91.8125,22.370833333333334,,
118,22571778048.0,SSP5,2100,BGD.2.4.2_1,BGD,Bangladesh,BGD.2_1,Chittagong,NA,BGD.2.4_1,Chittagong,NA,Bakalia,NA,NA,Upazilla,Upazilla,201510,NA,91.82083333333334,22.37083333333333,,
119,10551465984.0,SSP5,2100,BGD.2.4.2_1,BGD,Bangladesh,BGD.2_1,Chittagong,NA,BGD.2.4_1,Chittagong,NA,Bakalia,NA,NA,Upazilla,Upazilla,201510,NA,91.82916666666668,22.370833333333334,,
120,10670111744.0,SSP5,2100,BGD.2.4.2_1,BGD,Bangladesh,BGD.2_1,Chittagong,NA,BGD.2.4_1,Chittagong,NA,Bakalia,NA,NA,Upazilla,Upazilla,201510,NA,91.83749999999999,22.37083333333333,,
121,11698805760.0,SSP5,2100,BGD.2.4.2_1,BGD,Bangladesh,BGD.2_1,Chittagong,NA,BGD.2.4_1,Chittagong,NA,Bakalia,NA,NA,Upazilla,Upazilla,201510,NA,91.84583333333335,22.370833333333334,,
122,8115525120.0,SSP5,2100,BGD.2.4.2_1,BGD,Bangladesh,BGD.2_1,Chittagong,NA,BGD.2.4_1,Chittagong,NA,Bakalia,NA,NA,Upazilla,Upazilla,201510,NA,91.85416666666669,22.37083333333333,,
123,2268618496.0,SSP5,2100,BGD.2.4.2_1,BGD,Bangladesh,BGD.2_1,Chittagong,NA,BGD.2.4_1,Chittagong,NA,Bakalia,NA,NA,Upazilla,Upazilla,201510,NA,91.86250000000003,22.370833333333334,,
124,525018912.0,SSP5,2100,BGD.2.4.2_1,BGD,Bangladesh,BGD.2_1,Chittagong,NA,BGD.2.4_1,Chittagong,NA,Bakalia,NA,NA,Upazilla,Upazilla,201510,NA,91.87083333333332,22.37083333333333,,
125,18207.544921875,SSP5,2100,BGD.2.4.2_1,BGD,Bangladesh,BGD.2_1,Chittagong,NA,BGD.2.4_1,Chittagong,NA,Bakalia,NA,NA,Upazilla,Upazilla,201510,NA,91.87771624217025,22.371111891558346,,
126,23545.181640625,SSP5,2100,BGD.2.4.2_1,BGD,Bangladesh,BGD.2_1,Chittagong,NA,BGD.2.4_1,Chittagong,NA,Bakalia,NA,NA,Upazilla,Upazilla,201510,NA,91.75416666666669,22.362499999999994,,
127,709089920.0,SSP5,2100,BGD.2.4.2_1,BGD,Bangladesh,BGD.2_1,Chittagong,NA,BGD.2.4_1,Chittagong,NA,Bakalia,NA,NA,Upazilla,Upazilla,201510,NA,91.7625,22.362499999999994,,
128,5202352128.0,SSP5,2100,BGD.2.4.2_1,BGD,Bangladesh,BGD.2_1,Chittagong,NA,BGD.2.4_1,Chittagong,NA,Bakalia,NA,NA,Upazilla,Upazilla,201510,NA,91.77083333333334,22.362499999999994,,
129,16184121344.0,SSP5,2100,BGD.2.4.2_1,BGD,Bangladesh,BGD.2_1,Chittagong,NA,BGD.2.4_1,Chittagong,NA,Bakalia,NA,NA,Upazilla,Upazilla,201510,NA,91.77916666666668,22.362499999999994,,
130,10244341760.0,SSP5,2100,BGD.2.4.2_1,BGD,Bangladesh,BGD.2_1,Chittagong,NA,BGD.2.4_1,Chittagong,NA,Bakalia,NA,NA,Upazilla,Upazilla,201510,NA,91.78750000000001,22.362499999999994,,
131,9395171328.0,SSP5,2100,BGD.2.4.2_1,BGD,Bangladesh,BGD.2_1,Chittagong,NA,BGD.2.4_1,Chittagong,NA,Bakalia,NA,NA,Upazilla,Upazilla,201510,NA,91.79583333333335,22.362499999999994,,
132,11055207424.0,SSP5,2100,BGD.2.4.2_1,BGD,Bangladesh,BGD.2_1,Chittagong,NA,BGD.2.4_1,Chittagong,NA,Bakalia,NA,NA,Upazilla,Upazilla,201510,NA,91.80416666666667,22.362499999999994,,
133,13248720896.0,SSP5,2100,BGD.2.4.2_1,BGD,Bangladesh,BGD.2_1,Chittagong,NA,BGD.2.4_1,Chittagong,NA,Bakalia,NA,NA,Upazilla,Upazilla,201510,NA,91.8125,22.362499999999994,,
134,24992305152.0,SSP5,2100,BGD.2.4.2_1,BGD,Bangladesh,BGD.2_1,Chittagong,NA,BGD.2.4_1,Chittagong,NA,Bakalia,NA,NA,Upazilla,Upazilla,201510,NA,91.82083333333334,22.362499999999994,,
135,16087504896.0,SSP5,2100,BGD.2.4.2_1,BGD,Bangladesh,BGD.2_1,Chittagong,NA,BGD.2.4_1,Chittagong,NA,Bakalia,NA,NA,Upazilla,Upazilla,201510,NA,91.82916666666668,22.362499999999994,,
136,14572431360.0,SSP5,2100,BGD.2.4.2_1,BGD,Bangladesh,BGD.2_1,Chittagong,NA,BGD.2.4_1,Chittagong,NA,Bakalia,NA,NA,Upazilla,Upazilla,201510,NA,91.83749999999999,22.362499999999994,,
137,11069730816.0,SSP5,2100,BGD.2.4.2_1,BGD,Bangladesh,BGD.2_1,Chittagong,NA,BGD.2.4_1,Chittagong,NA,Bakalia,NA,NA,Upazilla,Upazilla,201510,NA,91.84583333333333,22.362499999999994,,
138,9037291520.0,SSP5,2100,BGD.2.4.2_1,BGD,Bangladesh,BGD.2_1,Chittagong,NA,BGD.2.4_1,Chittagong,NA,Bakalia,NA,NA,Upazilla,Upazilla,201510,NA,91.85416666666669,22.362499999999994,,
139,2004641920.0,SSP5,2100,BGD.2.4.2_1,BGD,Bangladesh,BGD.2_1,Chittagong,NA,BGD.2.4_1,Chittagong,NA,Bakalia,NA,NA,Upazilla,Upazilla,201510,NA,91.86250000000001,22.362499999999994,,
140,379610624.0,SSP5,2100,BGD.2.4.2_1,BGD,Bangladesh,BGD.2_1,Chittagong,NA,BGD.2.4_1,Chittagong,NA,Bakalia,NA,NA,Upazilla,Upazilla,201510,NA,91.87083333333334,22.362499999999994,,
141,18873.390625,SSP5,2100,BGD.2.4.2_1,BGD,Bangladesh,BGD.2_1,Chittagong,NA,BGD.2.4_1,Chittagong,NA,Bakalia,NA,NA,Upazilla,Upazilla,201510,NA,91.75416666666669,22.35416666666666,,
142,749718528.0,SSP5,2100,BGD.2.4.2_1,BGD,Bangladesh,BGD.2_1,Chittagong,NA,BGD.2.4_1,Chittagong,NA,Bakalia,NA,NA,Upazilla,Upazilla,201510,NA,91.7625,22.35416666666666,,
143,5038449664.0,SSP5,2100,BGD.2.4.2_1,BGD,Bangladesh,BGD.2_1,Chittagong,NA,BGD.2.4_1,Chittagong,NA,Bakalia,NA,NA,Upazilla,Upazilla,201510,NA,91.77083333333334,22.35416666666666,,
144,18833354752.0,SSP5,2100,BGD.2.4.2_1,BGD,Bangladesh,BGD.2_1,Chittagong,NA,BGD.2.4_1,Chittagong,NA,Bakalia,NA,NA,Upazilla,Upazilla,201510,NA,91.77916666666668,22.35416666666666,,
145,15364830208.0,SSP5,2100,BGD.2.4.2_1,BGD,Bangladesh,BGD.2_1,Chittagong,NA,BGD.2.4_1,Chittagong,NA,Bakalia,NA,NA,Upazilla,Upazilla,201510,NA,91.78750000000001,22.35416666666666,,
146,13189989376.0,SSP5,2100,BGD.2.4.2_1,BGD,Bangladesh,BGD.2_1,Chittagong,NA,BGD.2.4_1,Chittagong,NA,Bakalia,NA,NA,Upazilla,Upazilla,201510,NA,91.79583333333335,22.35416666666666,,
147,11665136640.0,SSP5,2100,BGD.2.4.2_1,BGD,Bangladesh,BGD.2_1,Chittagong,NA,BGD.2.4_1,Chittagong,NA,Bakalia,NA,NA,Upazilla,Upazilla,201510,NA,91.80416666666667,22.35416666666666,,
148,12133513216.0,SSP5,2100,BGD.2.4.2_1,BGD,Bangladesh,BGD.2_1,Chittagong,NA,BGD.2.4_1,Chittagong,NA,Bakalia,NA,NA,Upazilla,Upazilla,201510,NA,91.8125,22.35416666666666,,
149,27434627072.0,SSP5,2100,BGD.2.4.2_1,BGD,Bangladesh,BGD.2_1,Chittagong,NA,BGD.2.4_1,Chittagong,NA,Bakalia,NA,NA,Upazilla,Upazilla,201510,NA,91.82083333333334,22.35416666666666,,
150,14219816960.0,SSP5,2100,BGD.2.4.2_1,BGD,Bangladesh,BGD.2_1,Chittagong,NA,BGD.2.4_1,Chittagong,NA,Bakalia,NA,NA,Upazilla,Upazilla,201510,NA,91.82916666666668,22.35416666666666,,
151,13162609664.0,SSP5,2100,BGD.2.4.2_1,BGD,Bangladesh,BGD.2_1,Chittagong,NA,BGD.2.4_1,Chittagong,NA,Bakalia,NA,NA,Upazilla,Upazilla,201510,NA,91.83749999999999,22.35416666666666,,
152,9902443520.0,SSP5,2100,BGD.2.4.2_1,BGD,Bangladesh,BGD.2_1,Chittagong,NA,BGD.2.4_1,Chittagong,NA,Bakalia,NA,NA,Upazilla,Upazilla,201510,NA,91.84583333333333,22.35416666666666,,
153,3561052928.0,SSP5,2100,BGD.2.4.2_1,BGD,Bangladesh,BGD.2_1,Chittagong,NA,BGD.2.4_1,Chittagong,NA,Bakalia,NA,NA,Upazilla,Upazilla,201510,NA,91.85416666666669,22.35416666666666,,
154,1415983872.0,SSP5,2100,BGD.2.4.2_1,BGD,Bangladesh,BGD.2_1,Chittagong,NA,BGD.2.4_1,Chittagong,NA,Bakalia,NA,NA,Upazilla,Upazilla,201510,NA,91.86250000000001,22.35416666666666,,
155,111101.9453125,SSP5,2100,BGD.2.4.2_1,BGD,Bangladesh,BGD.2_1,Chittagong,NA,BGD.2.4_1,Chittagong,NA,Bakalia,NA,NA,Upazilla,Upazilla,201510,NA,91.87065701995708,22.35430180534875,,
156,155094.171875,SSP5,2100,BGD.2.4.2_1,BGD,Bangladesh,BGD.2_1,Chittagong,NA,BGD.2.4_1,Chittagong,NA,Bakalia,NA,NA,Upazilla,Upazilla,201510,NA,91.7625,22.34583333333333,,
157,2679279616.0,SSP5,2100,BGD.2.4.2_1,BGD,Bangladesh,BGD.2_1,Chittagong,NA,BGD.2.4_1,Chittagong,NA,Bakalia,NA,NA,Upazilla,Upazilla,201510,NA,91.77083333333334,22.34583333333333,,
158,10087755776.0,SSP5,2100,BGD.2.4.2_1,BGD,Bangladesh,BGD.2_1,Chittagong,NA,BGD.2.4_1,Chittagong,NA,Bakalia,NA,NA,Upazilla,Upazilla,201510,NA,91.77916666666668,22.34583333333333,,
159,11363303424.0,SSP5,2100,BGD.2.4.2_1,BGD,Bangladesh,BGD.2_1,Chittagong,NA,BGD.2.4_1,Chittagong,NA,Bakalia,NA,NA,Upazilla,Upazilla,201510,NA,91.78750000000001,22.34583333333333,,
160,10232062976.0,SSP5,2100,BGD.2.4.2_1,BGD,Bangladesh,BGD.2_1,Chittagong,NA,BGD.2.4_1,Chittagong,NA,Bakalia,NA,NA,Upazilla,Upazilla,201510,NA,91.79583333333335,22.34583333333333,,
161,15085807616.0,SSP5,2100,BGD.2.4.2_1,BGD,Bangladesh,BGD.2_1,Chittagong,NA,BGD.2.4_1,Chittagong,NA,Bakalia,NA,NA,Upazilla,Upazilla,201510,NA,91.80416666666667,22.34583333333333,,
162,17940787200.0,SSP5,2100,BGD.2.4.2_1,BGD,Bangladesh,BGD.2_1,Chittagong,NA,BGD.2.4_1,Chittagong,NA,Bakalia,NA,NA,Upazilla,Upazilla,201510,NA,91.8125,22.34583333333333,,
163,14758242304.0,SSP5,2100,BGD.2.4.2_1,BGD,Bangladesh,BGD.2_1,Chittagong,NA,BGD.2.4_1,Chittagong,NA,Bakalia,NA,NA,Upazilla,Upazilla,201510,NA,91.82083333333334,22.34583333333333,,
164,13682163712.0,SSP5,2100,BGD.2.4.2_1,BGD,Bangladesh,BGD.2_1,Chittagong,NA,BGD.2.4_1,Chittagong,NA,Bakalia,NA,NA,Upazilla,Upazilla,201510,NA,91.82916666666668,22.34583333333333,,
165,11052773376.0,SSP5,2100,BGD.2.4.2_1,BGD,Bangladesh,BGD.2_1,Chittagong,NA,BGD.2.4_1,Chittagong,NA,Bakalia,NA,NA,Upazilla,Upazilla,201510,NA,91.83749999999999,22.34583333333333,,
166,9161181184.0,SSP5,2100,BGD.2.4.2_1,BGD,Bangladesh,BGD.2_1,Chittagong,NA,BGD.2.4_1,Chittagong,NA,Bakalia,NA,NA,Upazilla,Upazilla,201510,NA,91.84583333333333,22.34583333333333,,
167,3291948032.0,SSP5,2100,BGD.2.4.2_1,BGD,Bangladesh,BGD.2_1,Chittagong,NA,BGD.2.4_1,Chittagong,NA,Bakalia,NA,NA,Upazilla,Upazilla,201510,NA,91.85416666666669,22.34583333333333,,
168,219157.5,SSP5,2100,BGD.2.4.2_1,BGD,Bangladesh,BGD.2_1,Chittagong,NA,BGD.2.4_1,Chittagong,NA,Bakalia,NA,NA,Upazilla,Upazilla,201510,NA,91.86250000000001,22.34583333333333,,
169,66921.0546875,SSP5,2100,BGD.2.4.2_1,BGD,Bangladesh,BGD.2_1,Chittagong,NA,BGD.2.4_1,Chittagong,NA,Bakalia,NA,NA,Upazilla,Upazilla,201510,NA,91.86973993202027,22.34584305108311,,
170,113758.5546875,SSP5,2100,BGD.2.4.2_1,BGD,Bangladesh,BGD.2_1,Chittagong,NA,BGD.2.4_1,Chittagong,NA,Bakalia,NA,NA,Upazilla,Upazilla,201510,NA,91.7625,22.337499999999995,,
171,2199369216.0,SSP5,2100,BGD.2.4.2_1,BGD,Bangladesh,BGD.2_1,Chittagong,NA,BGD.2.4_1,Chittagong,NA,Bakalia,NA,NA,Upazilla,Upazilla,201510,NA,91.77083333333334,22.337499999999995,,
172,8760500224.0,SSP5,2100,BGD.2.4.2_1,BGD,Bangladesh,BGD.2_1,Chittagong,NA,BGD.2.4_1,Chittagong,NA,Bakalia,NA,NA,Upazilla,Upazilla,201510,NA,91.77916666666668,22.337499999999995,,
173,11445578752.0,SSP5,2100,BGD.2.4.2_1,BGD,Bangladesh,BGD.2_1,Chittagong,NA,BGD.2.4_1,Chittagong,NA,Bakalia,NA,NA,Upazilla,Upazilla,201510,NA,91.78750000000001,22.337499999999995,,
174,16235176960.0,SSP5,2100,BGD.2.4.2_1,BGD,Bangladesh,BGD.2_1,Chittagong,NA,BGD.2.4_1,Chittagong,NA,Bakalia,NA,NA,Upazilla,Upazilla,201510,NA,91.79583333333335,22.337499999999995,,
175,17110264832.0,SSP5,2100,BGD.2.4.2_1,BGD,Bangladesh,BGD.2_1,Chittagong,NA,BGD.2.4_1,Chittagong,NA,Bakalia,NA,NA,Upazilla,Upazilla,201510,NA,91.80416666666667,22.337499999999995,,
176,17891303424.0,SSP5,2100,BGD.2.4.2_1,BGD,Bangladesh,BGD.2_1,Chittagong,NA,BGD.2.4_1,Chittagong,NA,Bakalia,NA,NA,Upazilla,Upazilla,201510,NA,91.8125,22.337499999999995,,
177,15964918784.0,SSP5,2100,BGD.2.4.2_1,BGD,Bangladesh,BGD.2_1,Chittagong,NA,BGD.2.4_1,Chittagong,NA,Bakalia,NA,NA,Upazilla,Upazilla,201510,NA,91.82083333333334,22.337499999999995,,
178,16112375808.0,SSP5,2100,BGD.2.4.2_1,BGD,Bangladesh,BGD.2_1,Chittagong,NA,BGD.2.4_1,Chittagong,NA,Bakalia,NA,NA,Upazilla,Upazilla,201510,NA,91.82916666666668,22.337499999999995,,
179,6804777984.0,SSP5,2100,BGD.2.4.2_1,BGD,Bangladesh,BGD.2_1,Chittagong,NA,BGD.2.4_1,Chittagong,NA,Bakalia,NA,NA,Upazilla,Upazilla,201510,NA,91.83749999999999,22.337499999999995,,
180,4224283392.0,SSP5,2100,BGD.2.4.2_1,BGD,Bangladesh,BGD.2_1,Chittagong,NA,BGD.2.4_1,Chittagong,NA,Bakalia,NA,NA,Upazilla,Upazilla,201510,NA,91.84583333333333,22.337499999999995,,
181,434292.15625,SSP5,2100,BGD.2.4.2_1,BGD,Bangladesh,BGD.2_1,Chittagong,NA,BGD.2.4_1,Chittagong,NA,Bakalia,NA,NA,Upazilla,Upazilla,201510,NA,91.85416666666669,22.337499999999995,,
182,148546.46875,SSP5,2100,BGD.2.4.2_1,BGD,Bangladesh,BGD.2_1,Chittagong,NA,BGD.2.4_1,Chittagong,NA,Bakalia,NA,NA,Upazilla,Upazilla,201510,NA,91.86250000000001,22.337499999999995,,
183,102813.140625,SSP5,2100,BGD.2.4.2_1,BGD,Bangladesh,BGD.2_1,Chittagong,NA,BGD.2.4_1,Chittagong,NA,Bakalia,NA,NA,Upazilla,Upazilla,201510,NA,91.87003120996461,22.337745112528776,,
184,68133.0703125,SSP5,2100,BGD.2.4.2_1,BGD,Bangladesh,BGD.2_1,Chittagong,NA,BGD.2.4_1,Chittagong,NA,Bakalia,NA,NA,Upazilla,Upazilla,201510,NA,91.7625,22.32916666666666,,
185,2311290368.0,SSP5,2100,BGD.2.4.2_1,BGD,Bangladesh,BGD.2_1,Chittagong,NA,BGD.2.4_1,Chittagong,NA,Bakalia,NA,NA,Upazilla,Upazilla,201510,NA,91.77083333333334,22.329166666666662,,
186,3696620800.0,SSP5,2100,BGD.2.4.2_1,BGD,Bangladesh,BGD.2_1,Chittagong,NA,BGD.2.4_1,Chittagong,NA,Bakalia,NA,NA,Upazilla,Upazilla,201510,NA,91.77916666666668,22.32916666666666,,
187,11343735808.0,SSP5,2100,BGD.2.4.2_1,BGD,Bangladesh,BGD.2_1,Chittagong,NA,BGD.2.4_1,Chittagong,NA,Bakalia,NA,NA,Upazilla,Upazilla,201510,NA,91.78750000000001,22.329166666666662,,
188,11773816832.0,SSP5,2100,BGD.2.4.2_1,BGD,Bangladesh,BGD.2_1,Chittagong,NA,BGD.2.4_1,Chittagong,NA,Bakalia,NA,NA,Upazilla,Upazilla,201510,NA,91.79583333333335,22.32916666666666,,
189,11523208192.0,SSP5,2100,BGD.2.4.2_1,BGD,Bangladesh,BGD.2_1,Chittagong,NA,BGD.2.4_1,Chittagong,NA,Bakalia,NA,NA,Upazilla,Upazilla,201510,NA,91.80416666666667,22.329166666666662,,
190,14004438016.0,SSP5,2100,BGD.2.4.2_1,BGD,Bangladesh,BGD.2_1,Chittagong,NA,BGD.2.4_1,Chittagong,NA,Bakalia,NA,NA,Upazilla,Upazilla,201510,NA,91.8125,22.32916666666666,,
191,14685316096.0,SSP5,2100,BGD.2.4.2_1,BGD,Bangladesh,BGD.2_1,Chittagong,NA,BGD.2.4_1,Chittagong,NA,Bakalia,NA,NA,Upazilla,Upazilla,201510,NA,91.82083333333334,22.329166666666662,,
192,684779.5,SSP5,2100,BGD.2.4.2_1,BGD,Bangladesh,BGD.2_1,Chittagong,NA,BGD.2.4_1,Chittagong,NA,Bakalia,NA,NA,Upazilla,Upazilla,201510,NA,91.82916666666668,22.32916666666666,,
193,620939.625,SSP5,2100,BGD.2.4.2_1,BGD,Bangladesh,BGD.2_1,Chittagong,NA,BGD.2.4_1,Chittagong,NA,Bakalia,NA,NA,Upazilla,Upazilla,201510,NA,91.83749999999999,22.329166666666662,,
194,492096.9375,SSP5,2100,BGD.2.4.2_1,BGD,Bangladesh,BGD.2_1,Chittagong,NA,BGD.2.4_1,Chittagong,NA,Bakalia,NA,NA,Upazilla,Upazilla,201510,NA,91.84583333333333,22.32916666666666,,
195,233068.28125,SSP5,2100,BGD.2.4.2_1,BGD,Bangladesh,BGD.2_1,Chittagong,NA,BGD.2.4_1,Chittagong,NA,Bakalia,NA,NA,Upazilla,Upazilla,201510,NA,91.85416666666669,22.329166666666662,,
196,44343.61328125,SSP5,2100,BGD.2.4.2_1,BGD,Bangladesh,BGD.2_1,Chittagong,NA,BGD.2.4_1,Chittagong,NA,Bakalia,NA,NA,Upazilla,Upazilla,201510,NA,91.86227581831913,22.329431363774468,,
197,20025.58984375,SSP5,2100,BGD.2.4.2_1,BGD,Bangladesh,BGD.2_1,Chittagong,NA,BGD.2.4_1,Chittagong,NA,Bakalia,NA,NA,Upazilla,Upazilla,201510,NA,91.7625,22.32083333333333,,
198,761818880.0,SSP5,2100,BGD.2.4.2_1,BGD,Bangladesh,BGD.2_1,Chittagong,NA,BGD.2.4_1,Chittagong,NA,Bakalia,NA,NA,Upazilla,Upazilla,201510,NA,91.77083333333334,22.320833333333326,,
199,8772491264.0,SSP5,2100,BGD.2.4.2_1,BGD,Bangladesh,BGD.2_1,Chittagong,NA,BGD.2.4_1,Chittagong,NA,Bakalia,NA,NA,Upazilla,Upazilla,201510,NA,91.77916666666668,22.32083333333333,,
200,5598577664.0,SSP5,2100,BGD.2.4.2_1,BGD,Bangladesh,BGD.2_1,Chittagong,NA,BGD.2.4_1,Chittagong,NA,Bakalia,NA,NA,Upazilla,Upazilla,201510,NA,91.78750000000001,22.320833333333326,,
201,6515149824.0,SSP5,2100,BGD.2.4.2_1,BGD,Bangladesh,BGD.2_1,Chittagong,NA,BGD.2.4_1,Chittagong,NA,Bakalia,NA,NA,Upazilla,Upazilla,201510,NA,91.79583333333335,22.32083333333333,,
202,8448851456.0,SSP5,2100,BGD.2.4.2_1,BGD,Bangladesh,BGD.2_1,Chittagong,NA,BGD.2.4_1,Chittagong,NA,Bakalia,NA,NA,Upazilla,Upazilla,201510,NA,91.80416666666667,22.320833333333326,,
203,11974516736.0,SSP5,2100,BGD.2.4.2_1,BGD,Bangladesh,BGD.2_1,Chittagong,NA,BGD.2.4_1,Chittagong,NA,Bakalia,NA,NA,Upazilla,Upazilla,201510,NA,91.8125,22.32083333333333,,
204,749569.0,SSP5,2100,BGD.2.4.2_1,BGD,Bangladesh,BGD.2_1,Chittagong,NA,BGD.2.4_1,Chittagong,NA,Bakalia,NA,NA,Upazilla,Upazilla,201510,NA,91.82083333333334,22.320833333333326,,
205,550541.3125,SSP5,2100,BGD.2.4.2_1,BGD,Bangladesh,BGD.2_1,Chittagong,NA,BGD.2.4_1,Chittagong,NA,Bakalia,NA,NA,Upazilla,Upazilla,201510,NA,91.82909243687764,22.32093105558328,,
206,370056.71875,SSP5,2100,BGD.2.4.2_1,BGD,Bangladesh,BGD.2_1,Chittagong,NA,BGD.2.4_1,Chittagong,NA,Bakalia,NA,NA,Upazilla,Upazilla,201510,NA,91.83726901445596,22.32180155216014,,
207,174437.109375,SSP5,2100,BGD.2.4.2_1,BGD,Bangladesh,BGD.2_1,Chittagong,NA,BGD.2.4_1,Chittagong,NA,Bakalia,NA,NA,Upazilla,Upazilla,201510,NA,91.84555619535962,22.32280851345461,,
208,807038208.0,SSP5,2100,BGD.2.4.2_1,BGD,Bangladesh,BGD.2_1,Chittagong,NA,BGD.2.4_1,Chittagong,NA,Bakalia,NA,NA,Upazilla,Upazilla,201510,NA,91.77083333333334,22.312499999999996,,
209,10004191232.0,SSP5,2100,BGD.2.4.2_1,BGD,Bangladesh,BGD.2_1,Chittagong,NA,BGD.2.4_1,Chittagong,NA,Bakalia,NA,NA,Upazilla,Upazilla,201510,NA,91.77916666666668,22.312499999999996,,
210,8185439232.0,SSP5,2100,BGD.2.4.2_1,BGD,Bangladesh,BGD.2_1,Chittagong,NA,BGD.2.4_1,Chittagong,NA,Bakalia,NA,NA,Upazilla,Upazilla,201510,NA,91.78750000000001,22.312499999999996,,
211,12320513024.0,SSP5,2100,BGD.2.4.2_1,BGD,Bangladesh,BGD.2_1,Chittagong,NA,BGD.2.4_1,Chittagong,NA,Bakalia,NA,NA,Upazilla,Upazilla,201510,NA,91.79583333333335,22.312499999999996,,
212,2388605.25,SSP5,2100,BGD.2.4.2_1,BGD,Bangladesh,BGD.2_1,Chittagong,NA,BGD.2.4_1,Chittagong,NA,Bakalia,NA,NA,Upazilla,Upazilla,201510,NA,91.80416666666667,22.312499999999996,,
213,2023763.25,SSP5,2100,BGD.2.4.2_1,BGD,Bangladesh,BGD.2_1,Chittagong,NA,BGD.2.4_1,Chittagong,NA,Bakalia,NA,NA,Upazilla,Upazilla,201510,NA,91.81245725970693,22.31254473088126,,
214,656387.5625,SSP5,2100,BGD.2.4.2_1,BGD,Bangladesh,BGD.2_1,Chittagong,NA,BGD.2.4_1,Chittagong,NA,Bakalia,NA,NA,Upazilla,Upazilla,201510,NA,91.8200157277024,22.314117588289072,,
215,1116150016.0,SSP5,2100,BGD.2.4.2_1,BGD,Bangladesh,BGD.2_1,Chittagong,NA,BGD.2.4_1,Chittagong,NA,Bakalia,NA,NA,Upazilla,Upazilla,201510,NA,91.77083333333336,22.304166666666667,,
216,11977927680.0,SSP5,2100,BGD.2.4.2_1,BGD,Bangladesh,BGD.2_1,Chittagong,NA,BGD.2.4_1,Chittagong,NA,Bakalia,NA,NA,Upazilla,Upazilla,201510,NA,91.77916666666668,22.304166666666667,,
217,10961119232.0,SSP5,2100,BGD.2.4.2_1,BGD,Bangladesh,BGD.2_1,Chittagong,NA,BGD.2.4_1,Chittagong,NA,Bakalia,NA,NA,Upazilla,Upazilla,201510,NA,91.78750000000001,22.304166666666667,,
218,3442947.0,SSP5,2100,BGD.2.4.2_1,BGD,Bangladesh,BGD.2_1,Chittagong,NA,BGD.2.4_1,Chittagong,NA,Bakalia,NA,NA,Upazilla,Upazilla,201510,NA,91.79583333333333,22.304166666666667,,
219,2554659.0,SSP5,2100,BGD.2.4.2_1,BGD,Bangladesh,BGD.2_1,Chittagong,NA,BGD.2.4_1,Chittagong,NA,Bakalia,NA,NA,Upazilla,Upazilla,201510,NA,91.8038046482849,22.30452291700005,,
220,209139.46875,SSP5,2100,BGD.2.4.2_1,BGD,Bangladesh,BGD.2_1,Chittagong,NA,BGD.2.4_1,Chittagong,NA,Bakalia,NA,NA,Upazilla,Upazilla,201510,NA,91.77083333333334,22.29583333333333,,
221,19830687744.0,SSP5,2100,BGD.2.4.2_1,BGD,Bangladesh,BGD.2_1,Chittagong,NA,BGD.2.4_1,Chittagong,NA,Bakalia,NA,NA,Upazilla,Upazilla,201510,NA,91.77916666666668,22.295833333333327,,
222,12600536064.0,SSP5,2100,BGD.2.4.2_1,BGD,Bangladesh,BGD.2_1,Chittagong,NA,BGD.2.4_1,Chittagong,NA,Bakalia,NA,NA,Upazilla,Upazilla,201510,NA,91.78750000000001,22.29583333333333,,
223,2071515.0,SSP5,2100,BGD.2.4.2_1,BGD,Bangladesh,BGD.2_1,Chittagong,NA,BGD.2.4_1,Chittagong,NA,Bakalia,NA,NA,Upazilla,Upazilla,201510,NA,91.79583333333335,22.295833333333327,,
224,35037.53515625,SSP5,2100,BGD.2.4.2_1,BGD,Bangladesh,BGD.2_1,Chittagong,NA,BGD.2.4_1,Chittagong,NA,Bakalia,NA,NA,Upazilla,Upazilla,201510,NA,91.77083333333334,22.287499999999994,,
225,7430781440.0,SSP5,2100,BGD.2.4.2_1,BGD,Bangladesh,BGD.2_1,Chittagong,NA,BGD.2.4_1,Chittagong,NA,Bakalia,NA,NA,Upazilla,Upazilla,201510,NA,91.77916666666668,22.28749999999999,,
226,32988594176.0,SSP5,2100,BGD.2.4.2_1,BGD,Bangladesh,BGD.2_1,Chittagong,NA,BGD.2.4_1,Chittagong,NA,Bakalia,NA,NA,Upazilla,Upazilla,201510,NA,91.78750000000001,22.287499999999994,,
227,782486.625,SSP5,2100,BGD.2.4.2_1,BGD,Bangladesh,BGD.2_1,Chittagong,NA,BGD.2.4_1,Chittagong,NA,Bakalia,NA,NA,Upazilla,Upazilla,201510,NA,91.79583333333335,22.28749999999999,,
228,129040.3828125,SSP5,2100,BGD.2.4.2_1,BGD,Bangladesh,BGD.2_1,Chittagong,NA,BGD.2.4_1,Chittagong,NA,Bakalia,NA,NA,Upazilla,Upazilla,201510,NA,91.77083333333334,22.27916666666666,,
229,6369992192.0,SSP5,2100,BGD.2.4.2_1,BGD,Bangladesh,BGD.2_1,Chittagong,NA,BGD.2.4_1,Chittagong,NA,Bakalia,NA,NA,Upazilla,Upazilla,201510,NA,91.77916666666668,22.27916666666666,,
230,28251269120.0,SSP5,2100,BGD.2.4.2_1,BGD,Bangladesh,BGD.2_1,Chittagong,NA,BGD.2.4_1,Chittagong,NA,Bakalia,NA,NA,Upazilla,Upazilla,201510,NA,91.78750000000001,22.27916666666666,,
231,7818360832.0,SSP5,2100,BGD.2.4.2_1,BGD,Bangladesh,BGD.2_1,Chittagong,NA,BGD.2.4_1,Chittagong,NA,Bakalia,NA,NA,Upazilla,Upazilla,201510,NA,91.79583333333335,22.27916666666666,,
232,626622.4375,SSP5,2100,BGD.2.4.2_1,BGD,Bangladesh,BGD.2_1,Chittagong,NA,BGD.2.4_1,Chittagong,NA,Bakalia,NA,NA,Upazilla,Upazilla,201510,NA,91.80382169571948,22.27875887351629,,
233,94205.6015625,SSP5,2100,BGD.2.4.2_1,BGD,Bangladesh,BGD.2_1,Chittagong,NA,BGD.2.4_1,Chittagong,NA,Bakalia,NA,NA,Upazilla,Upazilla,201510,NA,91.77083333333334,22.27083333333333,,
234,1698639232.0,SSP5,2100,BGD.2.4.2_1,BGD,Bangladesh,BGD.2_1,Chittagong,NA,BGD.2.4_1,Chittagong,NA,Bakalia,NA,NA,Upazilla,Upazilla,201510,NA,91.77916666666668,22.27083333333333,,
235,10031450112.0,SSP5,2100,BGD.2.4.2_1,BGD,Bangladesh,BGD.2_1,Chittagong,NA,BGD.2.4_1,Chittagong,NA,Bakalia,NA,NA,Upazilla,Upazilla,201510,NA,91.78750000000001,22.27083333333333,,
236,17082849280.0,SSP5,2100,BGD.2.4.2_1,BGD,Bangladesh,BGD.2_1,Chittagong,NA,BGD.2.4_1,Chittagong,NA,Bakalia,NA,NA,Upazilla,Upazilla,201510,NA,91.79583333333335,22.27083333333333,,
237,6612844032.0,SSP5,2100,BGD.2.4.2_1,BGD,Bangladesh,BGD.2_1,Chittagong,NA,BGD.2.4_1,Chittagong,NA,Bakalia,NA,NA,Upazilla,Upazilla,201510,NA,91.80416666666667,22.27083333333333,,
238,2084137728.0,SSP5,2100,BGD.2.4.2_1,BGD,Bangladesh,BGD.2_1,Chittagong,NA,BGD.2.4_1,Chittagong,NA,Bakalia,NA,NA,Upazilla,Upazilla,201510,NA,91.8125,22.27083333333333,,
239,280972608.0,SSP5,2100,BGD.2.4.2_1,BGD,Bangladesh,BGD.2_1,Chittagong,NA,BGD.2.4_1,Chittagong,NA,Bakalia,NA,NA,Upazilla,Upazilla,201510,NA,91.82083333333334,22.27083333333333,,
240,64416.5859375,SSP5,2100,BGD.2.4.2_1,BGD,Bangladesh,BGD.2_1,Chittagong,NA,BGD.2.4_1,Chittagong,NA,Bakalia,NA,NA,Upazilla,Upazilla,201510,NA,91.82893476447455,22.270391688718778,,
241,1074574848.0,SSP5,2100,BGD.2.4.2_1,BGD,Bangladesh,BGD.2_1,Chittagong,NA,BGD.2.4_1,Chittagong,NA,Bakalia,NA,NA,Upazilla,Upazilla,201510,NA,91.77916666666668,22.262499999999996,,
242,2840031232.0,SSP5,2100,BGD.2.4.2_1,BGD,Bangladesh,BGD.2_1,Chittagong,NA,BGD.2.4_1,Chittagong,NA,Bakalia,NA,NA,Upazilla,Upazilla,201510,NA,91.78750000000001,22.262499999999996,,
243,8850886656.0,SSP5,2100,BGD.2.4.2_1,BGD,Bangladesh,BGD.2_1,Chittagong,NA,BGD.2.4_1,Chittagong,NA,Bakalia,NA,NA,Upazilla,Upazilla,201510,NA,91.79583333333335,22.262499999999996,,
244,9053505536.0,SSP5,2100,BGD.2.4.2_1,BGD,Bangladesh,BGD.2_1,Chittagong,NA,BGD.2.4_1,Chittagong,NA,Bakalia,NA,NA,Upazilla,Upazilla,201510,NA,91.80416666666667,22.262499999999996,,
245,2972375552.0,SSP5,2100,BGD.2.4.2_1,BGD,Bangladesh,BGD.2_1,Chittagong,NA,BGD.2.4_1,Chittagong,NA,Bakalia,NA,NA,Upazilla,Upazilla,201510,NA,91.8125,22.262499999999996,,
246,1480705792.0,SSP5,2100,BGD.2.4.2_1,BGD,Bangladesh,BGD.2_1,Chittagong,NA,BGD.2.4_1,Chittagong,NA,Bakalia,NA,NA,Upazilla,Upazilla,201510,NA,91.82083333333334,22.262499999999996,,
247,62153.95703125,SSP5,2100,BGD.2.4.2_1,BGD,Bangladesh,BGD.2_1,Chittagong,NA,BGD.2.4_1,Chittagong,NA,Bakalia,NA,NA,Upazilla,Upazilla,201510,NA,91.82916666666668,22.262499999999996,,
248,29533.8203125,SSP5,2100,BGD.2.4.2_1,BGD,Bangladesh,BGD.2_1,Chittagong,NA,BGD.2.4_1,Chittagong,NA,Bakalia,NA,NA,Upazilla,Upazilla,201510,NA,91.83703364325639,22.262376165635885,,
249,444598720.0,SSP5,2100,BGD.2.4.2_1,BGD,Bangladesh,BGD.2_1,Chittagong,NA,BGD.2.4_1,Chittagong,NA,Bakalia,NA,NA,Upazilla,Upazilla,201510,NA,91.77916666666668,22.254166666666663,,
250,2318328832.0,SSP5,2100,BGD.2.4.2_1,BGD,Bangladesh,BGD.2_1,Chittagong,NA,BGD.2.4_1,Chittagong,NA,Bakalia,NA,NA,Upazilla,Upazilla,201510,NA,91.78750000000001,22.254166666666663,,
251,4556051456.0,SSP5,2100,BGD.2.4.2_1,BGD,Bangladesh,BGD.2_1,Chittagong,NA,BGD.2.4_1,Chittagong,NA,Bakalia,NA,NA,Upazilla,Upazilla,201510,NA,91.79583333333335,22.254166666666663,,
252,3189607168.0,SSP5,2100,BGD.2.4.2_1,BGD,Bangladesh,BGD.2_1,Chittagong,NA,BGD.2.4_1,Chittagong,NA,Bakalia,NA,NA,Upazilla,Upazilla,201510,NA,91.80416666666667,22.254166666666663,,
253,1936343936.0,SSP5,2100,BGD.2.4.2_1,BGD,Bangladesh,BGD.2_1,Chittagong,NA,BGD.2.4_1,Chittagong,NA,Bakalia,NA,NA,Upazilla,Upazilla,201510,NA,91.8125,22.254166666666663,,
254,1768255232.0,SSP5,2100,BGD.2.4.2_1,BGD,Bangladesh,BGD.2_1,Chittagong,NA,BGD.2.4_1,Chittagong,NA,Bakalia,NA,NA,Upazilla,Upazilla,201510,NA,91.82083333333334,22.254166666666663,,
255,278443.46875,SSP5,2100,BGD.2.4.2_1,BGD,Bangladesh,BGD.2_1,Chittagong,NA,BGD.2.4_1,Chittagong,NA,Bakalia,NA,NA,Upazilla,Upazilla,201510,NA,91.82916666666668,22.254166666666663,,
256,20793.60546875,SSP5,2100,BGD.2.4.2_1,BGD,Bangladesh,BGD.2_1,Chittagong,NA,BGD.2.4_1,Chittagong,NA,Bakalia,NA,NA,Upazilla,Upazilla,201510,NA,91.8369626840649,22.25422481208825,,
257,1983027968.0,SSP5,2100,BGD.2.4.2_1,BGD,Bangladesh,BGD.2_1,Chittagong,NA,BGD.2.4_1,Chittagong,NA,Bakalia,NA,NA,Upazilla,Upazilla,201510,NA,91.78750000000001,22.245833333333326,,
258,2463169280.0,SSP5,2100,BGD.2.4.2_1,BGD,Bangladesh,BGD.2_1,Chittagong,NA,BGD.2.4_1,Chittagong,NA,Bakalia,NA,NA,Upazilla,Upazilla,201510,NA,91.79583333333335,22.245833333333334,,
259,1401343360.0,SSP5,2100,BGD.2.4.2_1,BGD,Bangladesh,BGD.2_1,Chittagong,NA,BGD.2.4_1,Chittagong,NA,Bakalia,NA,NA,Upazilla,Upazilla,201510,NA,91.80416666666667,22.245833333333326,,
260,2312769280.0,SSP5,2100,BGD.2.4.2_1,BGD,Bangladesh,BGD.2_1,Chittagong,NA,BGD.2.4_1,Chittagong,NA,Bakalia,NA,NA,Upazilla,Upazilla,201510,NA,91.8125,22.245833333333334,,
261,2090877056.0,SSP5,2100,BGD.2.4.2_1,BGD,Bangladesh,BGD.2_1,Chittagong,NA,BGD.2.4_1,Chittagong,NA,Bakalia,NA,NA,Upazilla,Upazilla,201510,NA,91.82083333333334,22.245833333333326,,
262,141332.546875,SSP5,2100,BGD.2.4.2_1,BGD,Bangladesh,BGD.2_1,Chittagong,NA,BGD.2.4_1,Chittagong,NA,Bakalia,NA,NA,Upazilla,Upazilla,201510,NA,91.82916666666668,22.245833333333334,,
263,182777.28125,SSP5,2100,BGD.2.4.2_1,BGD,Bangladesh,BGD.2_1,Chittagong,NA,BGD.2.4_1,Chittagong,NA,Bakalia,NA,NA,Upazilla,Upazilla,201510,NA,91.83622768400096,22.246027377659562,,
264,427556.96875,SSP5,2100,BGD.2.4.2_1,BGD,Bangladesh,BGD.2_1,Chittagong,NA,BGD.2.4_1,Chittagong,NA,Bakalia,NA,NA,Upazilla,Upazilla,201510,NA,91.79583333333333,22.2375,,
265,1249053696.0,SSP5,2100,BGD.2.4.2_1,BGD,Bangladesh,BGD.2_1,Chittagong,NA,BGD.2.4_1,Chittagong,NA,Bakalia,NA,NA,Upazilla,Upazilla,201510,NA,91.80416666666667,22.237499999999994,,
266,603749.0625,SSP5,2100,BGD.2.4.2_1,BGD,Bangladesh,BGD.2_1,Chittagong,NA,BGD.2.4_1,Chittagong,NA,Bakalia,NA,NA,Upazilla,Upazilla,201510,NA,91.8125,22.2375,,
267,341155.8125,SSP5,2100,BGD.2.4.2_1,BGD,Bangladesh,BGD.2_1,Chittagong,NA,BGD.2.4_1,Chittagong,NA,Bakalia,NA,NA,Upazilla,Upazilla,201510,NA,91.82083333333334,22.237499999999994,,
268,31865.80859375,SSP5,2100,BGD.2.4.2_1,BGD,Bangladesh,BGD.2_1,Chittagong,NA,BGD.2.4_1,Chittagong,NA,Bakalia,NA,NA,Upazilla,Upazilla,201510,NA,91.82891696554756,22.237876961015424,,
269,0.0,SSP5,2100,BGD.2.4.2_1,BGD,Bangladesh,BGD.2_1,Chittagong,NA,BGD.2.4_1,Chittagong,NA,Bakalia,NA,NA,Upazilla,Upazilla,201510,NA,91.78622276765974,22.301909161041323,,
270,18601.759765625,SSP5,2100,BGD.2.4.2_1,BGD,Bangladesh,BGD.2_1,Chittagong,NA,BGD.2.4_1,Chittagong,NA,Bakalia,NA,NA,Upazilla,Upazilla,201510,NA,91.82022892968459,22.230043788907032,,
