,popdynami,Scenario,Year,GID_3,GID_0,COUNTRY,GID_1,NAME_1,NL_NAME_1,GID_2,NAME_2,NL_NAME_2,NAME_3,VARNAME_3,NL_NAME_3,TYPE_3,ENGTYPE_3,CC_3,HASC_3,lon,lat,center_lon,center_lat
0,4710.9501953125,SSP5,2050,BGD.2.4.2_1,BGD,Bangladesh,BGD.2_1,Chittagong,NA,BGD.2.4_1,Chittagong,NA,Bakalia,NA,NA,Upazilla,Upazilla,201510,NA,91.81257980092107,22.469032570252747,91.81237988562629,22.353154446363067
1,986.7655639648438,SSP5,2050,BGD.2.4.2_1,BGD,Bangladesh,BGD.2_1,Chittagong,NA,BGD.2.4_1,Chittagong,NA,Bakalia,NA,NA,Upazilla,Upazilla,201510,NA,91.7713136244344,22.46085342098735,,
2,1180.974365234375,SSP5,2050,BGD.2.4.2_1,BGD,Bangladesh,BGD.2_1,Chittagong,NA,BGD.2.4_1,Chittagong,NA,Bakalia,NA,NA,Upazilla,Upazilla,201510,NA,91.77938445891412,22.461744640542857,,
3,1960.5838623046875,SSP5,2050,BGD.2.4.2_1,BGD,Bangladesh,BGD.2_1,Chittagong,NA,BGD.2.4_1,Chittagong,NA,Bakalia,NA,NA,Upazilla,Upazilla,201510,NA,91.7875043156096,22.461903032168077,,
4,4761.814453125,SSP5,2050,BGD.2.4.2_1,BGD,Bangladesh,BGD.2_1,Chittagong,NA,BGD.2.4_1,Chittagong,NA,Bakalia,NA,NA,Upazilla,Upazilla,201510,NA,91.7958472429825,22.46206829853926,,
5,4737.76953125,SSP5,2050,BGD.2.4.2_1,BGD,Bangladesh,BGD.2_1,Chittagong,NA,BGD.2.4_1,Chittagong,NA,Bakalia,NA,NA,Upazilla,Upazilla,201510,NA,91.80416666666667,22.46208319871002,,
6,4725.7470703125,SSP5,2050,BGD.2.4.2_1,BGD,Bangladesh,BGD.2_1,Chittagong,NA,BGD.2.4_1,Chittagong,NA,Bakalia,NA,NA,Upazilla,Upazilla,201510,NA,91.8125,22.46208319871002,,
7,4712.7998046875,SSP5,2050,BGD.2.4.2_1,BGD,Bangladesh,BGD.2_1,Chittagong,NA,BGD.2.4_1,Chittagong,NA,Bakalia,NA,NA,Upazilla,Upazilla,201510,NA,91.81934597689646,22.46206276678159,,
8,563.2054443359375,SSP5,2050,BGD.2.4.2_1,BGD,Bangladesh,BGD.2_1,Chittagong,NA,BGD.2.4_1,Chittagong,NA,Bakalia,NA,NA,Upazilla,Upazilla,201510,NA,91.77094809374451,22.453844228746924,,
9,996.9383544921875,SSP5,2050,BGD.2.4.2_1,BGD,Bangladesh,BGD.2_1,Chittagong,NA,BGD.2.4_1,Chittagong,NA,Bakalia,NA,NA,Upazilla,Upazilla,201510,NA,91.77916666666668,22.453749865376682,,
10,1275.3043212890625,SSP5,2050,BGD.2.4.2_1,BGD,Bangladesh,BGD.2_1,Chittagong,NA,BGD.2.4_1,Chittagong,NA,Bakalia,NA,NA,Upazilla,Upazilla,201510,NA,91.78750000000001,22.453749865376682,,
11,1957.8094482421875,SSP5,2050,BGD.2.4.2_1,BGD,Bangladesh,BGD.2_1,Chittagong,NA,BGD.2.4_1,Chittagong,NA,Bakalia,NA,NA,Upazilla,Upazilla,201510,NA,91.79583333333335,22.453749865376682,,
12,4181.03759765625,SSP5,2050,BGD.2.4.2_1,BGD,Bangladesh,BGD.2_1,Chittagong,NA,BGD.2.4_1,Chittagong,NA,Bakalia,NA,NA,Upazilla,Upazilla,201510,NA,91.80416666666667,22.453749865376682,,
13,4688.7548828125,SSP5,2050,BGD.2.4.2_1,BGD,Bangladesh,BGD.2_1,Chittagong,NA,BGD.2.4_1,Chittagong,NA,Bakalia,NA,NA,Upazilla,Upazilla,201510,NA,91.8125,22.453749865376682,,
14,4747.017578125,SSP5,2050,BGD.2.4.2_1,BGD,Bangladesh,BGD.2_1,Chittagong,NA,BGD.2.4_1,Chittagong,NA,Bakalia,NA,NA,Upazilla,Upazilla,201510,NA,91.81974479769413,22.45361862476202,,
15,857.2930297851562,SSP5,2050,BGD.2.4.2_1,BGD,Bangladesh,BGD.2_1,Chittagong,NA,BGD.2.4_1,Chittagong,NA,Bakalia,NA,NA,Upazilla,Upazilla,201510,NA,91.7727622371672,22.445361763232167,,
16,840.6465454101562,SSP5,2050,BGD.2.4.2_1,BGD,Bangladesh,BGD.2_1,Chittagong,NA,BGD.2.4_1,Chittagong,NA,Bakalia,NA,NA,Upazilla,Upazilla,201510,NA,91.77916666666668,22.44541653204335,,
17,1059.8250732421875,SSP5,2050,BGD.2.4.2_1,BGD,Bangladesh,BGD.2_1,Chittagong,NA,BGD.2.4_1,Chittagong,NA,Bakalia,NA,NA,Upazilla,Upazilla,201510,NA,91.78750000000001,22.44541653204335,,
18,1965.2078857421875,SSP5,2050,BGD.2.4.2_1,BGD,Bangladesh,BGD.2_1,Chittagong,NA,BGD.2.4_1,Chittagong,NA,Bakalia,NA,NA,Upazilla,Upazilla,201510,NA,91.79583333333335,22.44541653204335,,
19,2972.319091796875,SSP5,2050,BGD.2.4.2_1,BGD,Bangladesh,BGD.2_1,Chittagong,NA,BGD.2.4_1,Chittagong,NA,Bakalia,NA,NA,Upazilla,Upazilla,201510,NA,91.80416666666667,22.44541653204335,,
20,4668.4091796875,SSP5,2050,BGD.2.4.2_1,BGD,Bangladesh,BGD.2_1,Chittagong,NA,BGD.2.4_1,Chittagong,NA,Bakalia,NA,NA,Upazilla,Upazilla,201510,NA,91.8125,22.44541653204335,,
21,8424.9619140625,SSP5,2050,BGD.2.4.2_1,BGD,Bangladesh,BGD.2_1,Chittagong,NA,BGD.2.4_1,Chittagong,NA,Bakalia,NA,NA,Upazilla,Upazilla,201510,NA,91.82045378909528,22.445274452038376,,
22,983.9911499023438,SSP5,2050,BGD.2.4.2_1,BGD,Bangladesh,BGD.2_1,Chittagong,NA,BGD.2.4_1,Chittagong,NA,Bakalia,NA,NA,Upazilla,Upazilla,201510,NA,91.77916666666668,22.437083198710013,,
23,1520.3773193359375,SSP5,2050,BGD.2.4.2_1,BGD,Bangladesh,BGD.2_1,Chittagong,NA,BGD.2.4_1,Chittagong,NA,Bakalia,NA,NA,Upazilla,Upazilla,201510,NA,91.78750000000001,22.437083198710013,,
24,3277.50439453125,SSP5,2050,BGD.2.4.2_1,BGD,Bangladesh,BGD.2_1,Chittagong,NA,BGD.2.4_1,Chittagong,NA,Bakalia,NA,NA,Upazilla,Upazilla,201510,NA,91.79583333333333,22.437083198710013,,
25,4396.5166015625,SSP5,2050,BGD.2.4.2_1,BGD,Bangladesh,BGD.2_1,Chittagong,NA,BGD.2.4_1,Chittagong,NA,Bakalia,NA,NA,Upazilla,Upazilla,201510,NA,91.80416666666667,22.437083198710013,,
26,4611.99609375,SSP5,2050,BGD.2.4.2_1,BGD,Bangladesh,BGD.2_1,Chittagong,NA,BGD.2.4_1,Chittagong,NA,Bakalia,NA,NA,Upazilla,Upazilla,201510,NA,91.8125,22.437083198710013,,
27,7424.32421875,SSP5,2050,BGD.2.4.2_1,BGD,Bangladesh,BGD.2_1,Chittagong,NA,BGD.2.4_1,Chittagong,NA,Bakalia,NA,NA,Upazilla,Upazilla,201510,NA,91.82083333333334,22.437083198710013,,
28,255.0,SSP5,2050,BGD.2.4.2_1,BGD,Bangladesh,BGD.2_1,Chittagong,NA,BGD.2.4_1,Chittagong,NA,Bakalia,NA,NA,Upazilla,Upazilla,201510,NA,91.8611661537339,22.426536621613632,,
29,971.9686889648438,SSP5,2050,BGD.2.4.2_1,BGD,Bangladesh,BGD.2_1,Chittagong,NA,BGD.2.4_1,Chittagong,NA,Bakalia,NA,NA,Upazilla,Upazilla,201510,NA,91.77962790234145,22.42912980178801,,
30,2771.63671875,SSP5,2050,BGD.2.4.2_1,BGD,Bangladesh,BGD.2_1,Chittagong,NA,BGD.2.4_1,Chittagong,NA,Bakalia,NA,NA,Upazilla,Upazilla,201510,NA,91.78750000000001,22.428749865376684,,
31,2523.789306640625,SSP5,2050,BGD.2.4.2_1,BGD,Bangladesh,BGD.2_1,Chittagong,NA,BGD.2.4_1,Chittagong,NA,Bakalia,NA,NA,Upazilla,Upazilla,201510,NA,91.79583333333335,22.42874986537668,,
32,3940.588623046875,SSP5,2050,BGD.2.4.2_1,BGD,Bangladesh,BGD.2_1,Chittagong,NA,BGD.2.4_1,Chittagong,NA,Bakalia,NA,NA,Upazilla,Upazilla,201510,NA,91.80416666666667,22.428749865376684,,
33,4517.666015625,SSP5,2050,BGD.2.4.2_1,BGD,Bangladesh,BGD.2_1,Chittagong,NA,BGD.2.4_1,Chittagong,NA,Bakalia,NA,NA,Upazilla,Upazilla,201510,NA,91.8125,22.42874986537668,,
34,7055.3271484375,SSP5,2050,BGD.2.4.2_1,BGD,Bangladesh,BGD.2_1,Chittagong,NA,BGD.2.4_1,Chittagong,NA,Bakalia,NA,NA,Upazilla,Upazilla,201510,NA,91.82074834222746,22.428783172313,,
35,4613.845703125,SSP5,2050,BGD.2.4.2_1,BGD,Bangladesh,BGD.2_1,Chittagong,NA,BGD.2.4_1,Chittagong,NA,Bakalia,NA,NA,Upazilla,Upazilla,201510,NA,91.87930704696572,22.428634317002526,,
36,4698.0029296875,SSP5,2050,BGD.2.4.2_1,BGD,Bangladesh,BGD.2_1,Chittagong,NA,BGD.2.4_1,Chittagong,NA,Bakalia,NA,NA,Upazilla,Upazilla,201510,NA,91.8875,22.42874986537668,,
37,1516.6781005859375,SSP5,2050,BGD.2.4.2_1,BGD,Bangladesh,BGD.2_1,Chittagong,NA,BGD.2.4_1,Chittagong,NA,Bakalia,NA,NA,Upazilla,Upazilla,201510,NA,91.78109729494238,22.42048535931194,,
38,2398.940673828125,SSP5,2050,BGD.2.4.2_1,BGD,Bangladesh,BGD.2_1,Chittagong,NA,BGD.2.4_1,Chittagong,NA,Bakalia,NA,NA,Upazilla,Upazilla,201510,NA,91.78750000000001,22.420416532043348,,
39,3786.146240234375,SSP5,2050,BGD.2.4.2_1,BGD,Bangladesh,BGD.2_1,Chittagong,NA,BGD.2.4_1,Chittagong,NA,Bakalia,NA,NA,Upazilla,Upazilla,201510,NA,91.79583333333335,22.420416532043348,,
40,4676.732421875,SSP5,2050,BGD.2.4.2_1,BGD,Bangladesh,BGD.2_1,Chittagong,NA,BGD.2.4_1,Chittagong,NA,Bakalia,NA,NA,Upazilla,Upazilla,201510,NA,91.80416666666667,22.420416532043348,,
41,11765.3525390625,SSP5,2050,BGD.2.4.2_1,BGD,Bangladesh,BGD.2_1,Chittagong,NA,BGD.2.4_1,Chittagong,NA,Bakalia,NA,NA,Upazilla,Upazilla,201510,NA,91.8125,22.420416532043348,,
42,13914.5966796875,SSP5,2050,BGD.2.4.2_1,BGD,Bangladesh,BGD.2_1,Chittagong,NA,BGD.2.4_1,Chittagong,NA,Bakalia,NA,NA,Upazilla,Upazilla,201510,NA,91.8208210868572,22.420413172869328,,
43,7552.87158203125,SSP5,2050,BGD.2.4.2_1,BGD,Bangladesh,BGD.2_1,Chittagong,NA,BGD.2.4_1,Chittagong,NA,Bakalia,NA,NA,Upazilla,Upazilla,201510,NA,91.87916666666668,22.420416532043348,,
44,3781.522216796875,SSP5,2050,BGD.2.4.2_1,BGD,Bangladesh,BGD.2_1,Chittagong,NA,BGD.2.4_1,Chittagong,NA,Bakalia,NA,NA,Upazilla,Upazilla,201510,NA,91.88720136684677,22.420552946581598,,
45,2513.616455078125,SSP5,2050,BGD.2.4.2_1,BGD,Bangladesh,BGD.2_1,Chittagong,NA,BGD.2.4_1,Chittagong,NA,Bakalia,NA,NA,Upazilla,Upazilla,201510,NA,91.78750000000001,22.412083198710015,,
46,4706.326171875,SSP5,2050,BGD.2.4.2_1,BGD,Bangladesh,BGD.2_1,Chittagong,NA,BGD.2.4_1,Chittagong,NA,Bakalia,NA,NA,Upazilla,Upazilla,201510,NA,91.79583333333335,22.41208319871001,,
47,4797.88134765625,SSP5,2050,BGD.2.4.2_1,BGD,Bangladesh,BGD.2_1,Chittagong,NA,BGD.2.4_1,Chittagong,NA,Bakalia,NA,NA,Upazilla,Upazilla,201510,NA,91.80416666666667,22.412083198710015,,
48,7233.814453125,SSP5,2050,BGD.2.4.2_1,BGD,Bangladesh,BGD.2_1,Chittagong,NA,BGD.2.4_1,Chittagong,NA,Bakalia,NA,NA,Upazilla,Upazilla,201510,NA,91.8125,22.41208319871001,,
49,16928.53125,SSP5,2050,BGD.2.4.2_1,BGD,Bangladesh,BGD.2_1,Chittagong,NA,BGD.2.4_1,Chittagong,NA,Bakalia,NA,NA,Upazilla,Upazilla,201510,NA,91.82083333333334,22.412083198710015,,
50,10075.736328125,SSP5,2050,BGD.2.4.2_1,BGD,Bangladesh,BGD.2_1,Chittagong,NA,BGD.2.4_1,Chittagong,NA,Bakalia,NA,NA,Upazilla,Upazilla,201510,NA,91.82916666666668,22.41208319871001,,
51,4684.130859375,SSP5,2050,BGD.2.4.2_1,BGD,Bangladesh,BGD.2_1,Chittagong,NA,BGD.2.4_1,Chittagong,NA,Bakalia,NA,NA,Upazilla,Upazilla,201510,NA,91.83749999999999,22.412083198710015,,
52,4717.423828125,SSP5,2050,BGD.2.4.2_1,BGD,Bangladesh,BGD.2_1,Chittagong,NA,BGD.2.4_1,Chittagong,NA,Bakalia,NA,NA,Upazilla,Upazilla,201510,NA,91.8453006868561,22.411572150553763,,
53,7485.361328125,SSP5,2050,BGD.2.4.2_1,BGD,Bangladesh,BGD.2_1,Chittagong,NA,BGD.2.4_1,Chittagong,NA,Bakalia,NA,NA,Upazilla,Upazilla,201510,NA,91.87232419612016,22.41220305441069,,
54,7611.13427734375,SSP5,2050,BGD.2.4.2_1,BGD,Bangladesh,BGD.2_1,Chittagong,NA,BGD.2.4_1,Chittagong,NA,Bakalia,NA,NA,Upazilla,Upazilla,201510,NA,91.87916666666668,22.41208319871001,,
55,0.0,SSP5,2050,BGD.2.4.2_1,BGD,Bangladesh,BGD.2_1,Chittagong,NA,BGD.2.4_1,Chittagong,NA,Bakalia,NA,NA,Upazilla,Upazilla,201510,NA,91.88841094414343,22.40376426443624,,
56,4825.62548828125,SSP5,2050,BGD.2.4.2_1,BGD,Bangladesh,BGD.2_1,Chittagong,NA,BGD.2.4_1,Chittagong,NA,Bakalia,NA,NA,Upazilla,Upazilla,201510,NA,91.78824348615643,22.40422453695505,,
57,4779.38525390625,SSP5,2050,BGD.2.4.2_1,BGD,Bangladesh,BGD.2_1,Chittagong,NA,BGD.2.4_1,Chittagong,NA,Bakalia,NA,NA,Upazilla,Upazilla,201510,NA,91.79583333333335,22.403749865376682,,
58,12430.2861328125,SSP5,2050,BGD.2.4.2_1,BGD,Bangladesh,BGD.2_1,Chittagong,NA,BGD.2.4_1,Chittagong,NA,Bakalia,NA,NA,Upazilla,Upazilla,201510,NA,91.80416666666667,22.403749865376682,,
59,7198.671875,SSP5,2050,BGD.2.4.2_1,BGD,Bangladesh,BGD.2_1,Chittagong,NA,BGD.2.4_1,Chittagong,NA,Bakalia,NA,NA,Upazilla,Upazilla,201510,NA,91.8125,22.403749865376682,,
60,27295.580078125,SSP5,2050,BGD.2.4.2_1,BGD,Bangladesh,BGD.2_1,Chittagong,NA,BGD.2.4_1,Chittagong,NA,Bakalia,NA,NA,Upazilla,Upazilla,201510,NA,91.82083333333334,22.403749865376682,,
61,14143.947265625,SSP5,2050,BGD.2.4.2_1,BGD,Bangladesh,BGD.2_1,Chittagong,NA,BGD.2.4_1,Chittagong,NA,Bakalia,NA,NA,Upazilla,Upazilla,201510,NA,91.82916666666668,22.403749865376682,,
62,14129.150390625,SSP5,2050,BGD.2.4.2_1,BGD,Bangladesh,BGD.2_1,Chittagong,NA,BGD.2.4_1,Chittagong,NA,Bakalia,NA,NA,Upazilla,Upazilla,201510,NA,91.83749999999999,22.403749865376682,,
63,14044.994140625,SSP5,2050,BGD.2.4.2_1,BGD,Bangladesh,BGD.2_1,Chittagong,NA,BGD.2.4_1,Chittagong,NA,Bakalia,NA,NA,Upazilla,Upazilla,201510,NA,91.84583333333333,22.403749865376682,,
64,14133.7744140625,SSP5,2050,BGD.2.4.2_1,BGD,Bangladesh,BGD.2_1,Chittagong,NA,BGD.2.4_1,Chittagong,NA,Bakalia,NA,NA,Upazilla,Upazilla,201510,NA,91.85421881281566,22.403664895111383,,
65,14218.8564453125,SSP5,2050,BGD.2.4.2_1,BGD,Bangladesh,BGD.2_1,Chittagong,NA,BGD.2.4_1,Chittagong,NA,Bakalia,NA,NA,Upazilla,Upazilla,201510,NA,91.86241857643462,22.40363339825758,,
66,14138.3984375,SSP5,2050,BGD.2.4.2_1,BGD,Bangladesh,BGD.2_1,Chittagong,NA,BGD.2.4_1,Chittagong,NA,Bakalia,NA,NA,Upazilla,Upazilla,201510,NA,91.87089055431616,22.40365807476454,,
67,4762.7392578125,SSP5,2050,BGD.2.4.2_1,BGD,Bangladesh,BGD.2_1,Chittagong,NA,BGD.2.4_1,Chittagong,NA,Bakalia,NA,NA,Upazilla,Upazilla,201510,NA,91.87916666666668,22.403749865376682,,
68,7139.484375,SSP5,2050,BGD.2.4.2_1,BGD,Bangladesh,BGD.2_1,Chittagong,NA,BGD.2.4_1,Chittagong,NA,Bakalia,NA,NA,Upazilla,Upazilla,201510,NA,91.79583333333335,22.39541653204335,,
69,12382.1962890625,SSP5,2050,BGD.2.4.2_1,BGD,Bangladesh,BGD.2_1,Chittagong,NA,BGD.2.4_1,Chittagong,NA,Bakalia,NA,NA,Upazilla,Upazilla,201510,NA,91.80416666666667,22.39541653204335,,
70,27108.771484375,SSP5,2050,BGD.2.4.2_1,BGD,Bangladesh,BGD.2_1,Chittagong,NA,BGD.2.4_1,Chittagong,NA,Bakalia,NA,NA,Upazilla,Upazilla,201510,NA,91.8125,22.39541653204335,,
71,44662.46875,SSP5,2050,BGD.2.4.2_1,BGD,Bangladesh,BGD.2_1,Chittagong,NA,BGD.2.4_1,Chittagong,NA,Bakalia,NA,NA,Upazilla,Upazilla,201510,NA,91.82083333333334,22.39541653204335,,
72,30647.0703125,SSP5,2050,BGD.2.4.2_1,BGD,Bangladesh,BGD.2_1,Chittagong,NA,BGD.2.4_1,Chittagong,NA,Bakalia,NA,NA,Upazilla,Upazilla,201510,NA,91.82916666666668,22.39541653204335,,
73,27351.994140625,SSP5,2050,BGD.2.4.2_1,BGD,Bangladesh,BGD.2_1,Chittagong,NA,BGD.2.4_1,Chittagong,NA,Bakalia,NA,NA,Upazilla,Upazilla,201510,NA,91.83749999999999,22.39541653204335,,
74,14106.955078125,SSP5,2050,BGD.2.4.2_1,BGD,Bangladesh,BGD.2_1,Chittagong,NA,BGD.2.4_1,Chittagong,NA,Bakalia,NA,NA,Upazilla,Upazilla,201510,NA,91.84583333333333,22.39541653204335,,
75,14198.5107421875,SSP5,2050,BGD.2.4.2_1,BGD,Bangladesh,BGD.2_1,Chittagong,NA,BGD.2.4_1,Chittagong,NA,Bakalia,NA,NA,Upazilla,Upazilla,201510,NA,91.85416666666669,22.39541653204335,,
76,32456.91015625,SSP5,2050,BGD.2.4.2_1,BGD,Bangladesh,BGD.2_1,Chittagong,NA,BGD.2.4_1,Chittagong,NA,Bakalia,NA,NA,Upazilla,Upazilla,201510,NA,91.86250000000001,22.39541653204335,,
77,32217.38671875,SSP5,2050,BGD.2.4.2_1,BGD,Bangladesh,BGD.2_1,Chittagong,NA,BGD.2.4_1,Chittagong,NA,Bakalia,NA,NA,Upazilla,Upazilla,201510,NA,91.87083333333334,22.39541653204335,,
78,13650.1025390625,SSP5,2050,BGD.2.4.2_1,BGD,Bangladesh,BGD.2_1,Chittagong,NA,BGD.2.4_1,Chittagong,NA,Bakalia,NA,NA,Upazilla,Upazilla,201510,NA,91.87916666666668,22.39541653204335,,
79,4646.2138671875,SSP5,2050,BGD.2.4.2_1,BGD,Bangladesh,BGD.2_1,Chittagong,NA,BGD.2.4_1,Chittagong,NA,Bakalia,NA,NA,Upazilla,Upazilla,201510,NA,91.77972456278503,22.386511575496122,,
80,7035.90673828125,SSP5,2050,BGD.2.4.2_1,BGD,Bangladesh,BGD.2_1,Chittagong,NA,BGD.2.4_1,Chittagong,NA,Bakalia,NA,NA,Upazilla,Upazilla,201510,NA,91.78750000000001,22.387083198710016,,
81,7249.5361328125,SSP5,2050,BGD.2.4.2_1,BGD,Bangladesh,BGD.2_1,Chittagong,NA,BGD.2.4_1,Chittagong,NA,Bakalia,NA,NA,Upazilla,Upazilla,201510,NA,91.79583333333335,22.387083198710016,,
82,27145.763671875,SSP5,2050,BGD.2.4.2_1,BGD,Bangladesh,BGD.2_1,Chittagong,NA,BGD.2.4_1,Chittagong,NA,Bakalia,NA,NA,Upazilla,Upazilla,201510,NA,91.80416666666667,22.387083198710016,,
83,30294.71875,SSP5,2050,BGD.2.4.2_1,BGD,Bangladesh,BGD.2_1,Chittagong,NA,BGD.2.4_1,Chittagong,NA,Bakalia,NA,NA,Upazilla,Upazilla,201510,NA,91.8125,22.387083198710016,,
84,25603.189453125,SSP5,2050,BGD.2.4.2_1,BGD,Bangladesh,BGD.2_1,Chittagong,NA,BGD.2.4_1,Chittagong,NA,Bakalia,NA,NA,Upazilla,Upazilla,201510,NA,91.82083333333334,22.387083198710016,,
85,43518.48828125,SSP5,2050,BGD.2.4.2_1,BGD,Bangladesh,BGD.2_1,Chittagong,NA,BGD.2.4_1,Chittagong,NA,Bakalia,NA,NA,Upazilla,Upazilla,201510,NA,91.82916666666668,22.387083198710016,,
86,32289.521484375,SSP5,2050,BGD.2.4.2_1,BGD,Bangladesh,BGD.2_1,Chittagong,NA,BGD.2.4_1,Chittagong,NA,Bakalia,NA,NA,Upazilla,Upazilla,201510,NA,91.83749999999999,22.387083198710016,,
87,14499.072265625,SSP5,2050,BGD.2.4.2_1,BGD,Bangladesh,BGD.2_1,Chittagong,NA,BGD.2.4_1,Chittagong,NA,Bakalia,NA,NA,Upazilla,Upazilla,201510,NA,91.84583333333333,22.387083198710016,,
88,14364.9755859375,SSP5,2050,BGD.2.4.2_1,BGD,Bangladesh,BGD.2_1,Chittagong,NA,BGD.2.4_1,Chittagong,NA,Bakalia,NA,NA,Upazilla,Upazilla,201510,NA,91.85416666666669,22.387083198710016,,
89,32254.37890625,SSP5,2050,BGD.2.4.2_1,BGD,Bangladesh,BGD.2_1,Chittagong,NA,BGD.2.4_1,Chittagong,NA,Bakalia,NA,NA,Upazilla,Upazilla,201510,NA,91.86250000000001,22.387083198710016,,
90,32349.6328125,SSP5,2050,BGD.2.4.2_1,BGD,Bangladesh,BGD.2_1,Chittagong,NA,BGD.2.4_1,Chittagong,NA,Bakalia,NA,NA,Upazilla,Upazilla,201510,NA,91.87083333333334,22.387083198710016,,
91,11621.0830078125,SSP5,2050,BGD.2.4.2_1,BGD,Bangladesh,BGD.2_1,Chittagong,NA,BGD.2.4_1,Chittagong,NA,Bakalia,NA,NA,Upazilla,Upazilla,201510,NA,91.87916666666668,22.387083198710016,,
92,13915.521484375,SSP5,2050,BGD.2.4.2_1,BGD,Bangladesh,BGD.2_1,Chittagong,NA,BGD.2.4_1,Chittagong,NA,Bakalia,NA,NA,Upazilla,Upazilla,201510,NA,91.77128724383378,22.3784240903944,,
93,16962.75,SSP5,2050,BGD.2.4.2_1,BGD,Bangladesh,BGD.2_1,Chittagong,NA,BGD.2.4_1,Chittagong,NA,Bakalia,NA,NA,Upazilla,Upazilla,201510,NA,91.77916666666668,22.378749865376687,,
94,13519.705078125,SSP5,2050,BGD.2.4.2_1,BGD,Bangladesh,BGD.2_1,Chittagong,NA,BGD.2.4_1,Chittagong,NA,Bakalia,NA,NA,Upazilla,Upazilla,201510,NA,91.78750000000001,22.378749865376683,,
95,4810.82861328125,SSP5,2050,BGD.2.4.2_1,BGD,Bangladesh,BGD.2_1,Chittagong,NA,BGD.2.4_1,Chittagong,NA,Bakalia,NA,NA,Upazilla,Upazilla,201510,NA,91.79583333333335,22.378749865376687,,
96,30911.5625,SSP5,2050,BGD.2.4.2_1,BGD,Bangladesh,BGD.2_1,Chittagong,NA,BGD.2.4_1,Chittagong,NA,Bakalia,NA,NA,Upazilla,Upazilla,201510,NA,91.80416666666667,22.378749865376683,,
97,44029.90234375,SSP5,2050,BGD.2.4.2_1,BGD,Bangladesh,BGD.2_1,Chittagong,NA,BGD.2.4_1,Chittagong,NA,Bakalia,NA,NA,Upazilla,Upazilla,201510,NA,91.8125,22.378749865376687,,
98,44063.1953125,SSP5,2050,BGD.2.4.2_1,BGD,Bangladesh,BGD.2_1,Chittagong,NA,BGD.2.4_1,Chittagong,NA,Bakalia,NA,NA,Upazilla,Upazilla,201510,NA,91.82083333333334,22.378749865376683,,
99,43664.60546875,SSP5,2050,BGD.2.4.2_1,BGD,Bangladesh,BGD.2_1,Chittagong,NA,BGD.2.4_1,Chittagong,NA,Bakalia,NA,NA,Upazilla,Upazilla,201510,NA,91.82916666666668,22.378749865376687,,
100,31346.220703125,SSP5,2050,BGD.2.4.2_1,BGD,Bangladesh,BGD.2_1,Chittagong,NA,BGD.2.4_1,Chittagong,NA,Bakalia,NA,NA,Upazilla,Upazilla,201510,NA,91.83749999999999,22.378749865376683,,
101,31758.68359375,SSP5,2050,BGD.2.4.2_1,BGD,Bangladesh,BGD.2_1,Chittagong,NA,BGD.2.4_1,Chittagong,NA,Bakalia,NA,NA,Upazilla,Upazilla,201510,NA,91.84583333333333,22.378749865376687,,
102,27612.7890625,SSP5,2050,BGD.2.4.2_1,BGD,Bangladesh,BGD.2_1,Chittagong,NA,BGD.2.4_1,Chittagong,NA,Bakalia,NA,NA,Upazilla,Upazilla,201510,NA,91.85416666666669,22.378749865376683,,
103,17115.341796875,SSP5,2050,BGD.2.4.2_1,BGD,Bangladesh,BGD.2_1,Chittagong,NA,BGD.2.4_1,Chittagong,NA,Bakalia,NA,NA,Upazilla,Upazilla,201510,NA,91.86250000000001,22.378749865376687,,
104,10051.69140625,SSP5,2050,BGD.2.4.2_1,BGD,Bangladesh,BGD.2_1,Chittagong,NA,BGD.2.4_1,Chittagong,NA,Bakalia,NA,NA,Upazilla,Upazilla,201510,NA,91.87083333333334,22.378749865376683,,
105,0.0,SSP5,2050,BGD.2.4.2_1,BGD,Bangladesh,BGD.2_1,Chittagong,NA,BGD.2.4_1,Chittagong,NA,Bakalia,NA,NA,Upazilla,Upazilla,201510,NA,91.87834327878728,22.375590743452644,,
106,4739.619140625,SSP5,2050,BGD.2.4.2_1,BGD,Bangladesh,BGD.2_1,Chittagong,NA,BGD.2.4_1,Chittagong,NA,Bakalia,NA,NA,Upazilla,Upazilla,201510,NA,91.76250131756981,22.370415193058466,,
107,31653.255859375,SSP5,2050,BGD.2.4.2_1,BGD,Bangladesh,BGD.2_1,Chittagong,NA,BGD.2.4_1,Chittagong,NA,Bakalia,NA,NA,Upazilla,Upazilla,201510,NA,91.77083333333336,22.37041653204335,,
108,31307.37890625,SSP5,2050,BGD.2.4.2_1,BGD,Bangladesh,BGD.2_1,Chittagong,NA,BGD.2.4_1,Chittagong,NA,Bakalia,NA,NA,Upazilla,Upazilla,201510,NA,91.77916666666668,22.37041653204335,,
109,18819.755859375,SSP5,2050,BGD.2.4.2_1,BGD,Bangladesh,BGD.2_1,Chittagong,NA,BGD.2.4_1,Chittagong,NA,Bakalia,NA,NA,Upazilla,Upazilla,201510,NA,91.78750000000001,22.37041653204335,,
110,13759.2294921875,SSP5,2050,BGD.2.4.2_1,BGD,Bangladesh,BGD.2_1,Chittagong,NA,BGD.2.4_1,Chittagong,NA,Bakalia,NA,NA,Upazilla,Upazilla,201510,NA,91.79583333333333,22.37041653204335,,
111,30999.419921875,SSP5,2050,BGD.2.4.2_1,BGD,Bangladesh,BGD.2_1,Chittagong,NA,BGD.2.4_1,Chittagong,NA,Bakalia,NA,NA,Upazilla,Upazilla,201510,NA,91.80416666666667,22.37041653204335,,
112,26183.966796875,SSP5,2050,BGD.2.4.2_1,BGD,Bangladesh,BGD.2_1,Chittagong,NA,BGD.2.4_1,Chittagong,NA,Bakalia,NA,NA,Upazilla,Upazilla,201510,NA,91.8125,22.37041653204335,,
113,44489.53125,SSP5,2050,BGD.2.4.2_1,BGD,Bangladesh,BGD.2_1,Chittagong,NA,BGD.2.4_1,Chittagong,NA,Bakalia,NA,NA,Upazilla,Upazilla,201510,NA,91.82083333333334,22.37041653204335,,
114,25042.759765625,SSP5,2050,BGD.2.4.2_1,BGD,Bangladesh,BGD.2_1,Chittagong,NA,BGD.2.4_1,Chittagong,NA,Bakalia,NA,NA,Upazilla,Upazilla,201510,NA,91.82916666666668,22.37041653204335,,
115,29644.58203125,SSP5,2050,BGD.2.4.2_1,BGD,Bangladesh,BGD.2_1,Chittagong,NA,BGD.2.4_1,Chittagong,NA,Bakalia,NA,NA,Upazilla,Upazilla,201510,NA,91.83749999999999,22.37041653204335,,
116,32037.974609375,SSP5,2050,BGD.2.4.2_1,BGD,Bangladesh,BGD.2_1,Chittagong,NA,BGD.2.4_1,Chittagong,NA,Bakalia,NA,NA,Upazilla,Upazilla,201510,NA,91.84583333333335,22.37041653204335,,
117,30628.57421875,SSP5,2050,BGD.2.4.2_1,BGD,Bangladesh,BGD.2_1,Chittagong,NA,BGD.2.4_1,Chittagong,NA,Bakalia,NA,NA,Upazilla,Upazilla,201510,NA,91.85416666666669,22.37041653204335,,
118,14204.0595703125,SSP5,2050,BGD.2.4.2_1,BGD,Bangladesh,BGD.2_1,Chittagong,NA,BGD.2.4_1,Chittagong,NA,Bakalia,NA,NA,Upazilla,Upazilla,201510,NA,91.86250000000003,22.37041653204335,,
119,4815.45263671875,SSP5,2050,BGD.2.4.2_1,BGD,Bangladesh,BGD.2_1,Chittagong,NA,BGD.2.4_1,Chittagong,NA,Bakalia,NA,NA,Upazilla,Upazilla,201510,NA,91.87083333333332,22.37041653204335,,
120,0.0,SSP5,2050,BGD.2.4.2_1,BGD,Bangladesh,BGD.2_1,Chittagong,NA,BGD.2.4_1,Chittagong,NA,Bakalia,NA,NA,Upazilla,Upazilla,201510,NA,91.7589146529637,22.338972352761367,,
121,4767.36328125,SSP5,2050,BGD.2.4.2_1,BGD,Bangladesh,BGD.2_1,Chittagong,NA,BGD.2.4_1,Chittagong,NA,Bakalia,NA,NA,Upazilla,Upazilla,201510,NA,91.7625,22.362083198710014,,
122,17107.943359375,SSP5,2050,BGD.2.4.2_1,BGD,Bangladesh,BGD.2_1,Chittagong,NA,BGD.2.4_1,Chittagong,NA,Bakalia,NA,NA,Upazilla,Upazilla,201510,NA,91.77083333333334,22.362083198710014,,
123,31461.822265625,SSP5,2050,BGD.2.4.2_1,BGD,Bangladesh,BGD.2_1,Chittagong,NA,BGD.2.4_1,Chittagong,NA,Bakalia,NA,NA,Upazilla,Upazilla,201510,NA,91.77916666666668,22.362083198710014,,
124,30997.5703125,SSP5,2050,BGD.2.4.2_1,BGD,Bangladesh,BGD.2_1,Chittagong,NA,BGD.2.4_1,Chittagong,NA,Bakalia,NA,NA,Upazilla,Upazilla,201510,NA,91.78750000000001,22.362083198710014,,
125,30855.150390625,SSP5,2050,BGD.2.4.2_1,BGD,Bangladesh,BGD.2_1,Chittagong,NA,BGD.2.4_1,Chittagong,NA,Bakalia,NA,NA,Upazilla,Upazilla,201510,NA,91.79583333333335,22.362083198710014,,
126,30314.140625,SSP5,2050,BGD.2.4.2_1,BGD,Bangladesh,BGD.2_1,Chittagong,NA,BGD.2.4_1,Chittagong,NA,Bakalia,NA,NA,Upazilla,Upazilla,201510,NA,91.80416666666667,22.362083198710014,,
127,28939.8828125,SSP5,2050,BGD.2.4.2_1,BGD,Bangladesh,BGD.2_1,Chittagong,NA,BGD.2.4_1,Chittagong,NA,Bakalia,NA,NA,Upazilla,Upazilla,201510,NA,91.8125,22.362083198710014,,
128,43950.37109375,SSP5,2050,BGD.2.4.2_1,BGD,Bangladesh,BGD.2_1,Chittagong,NA,BGD.2.4_1,Chittagong,NA,Bakalia,NA,NA,Upazilla,Upazilla,201510,NA,91.82083333333334,22.362083198710014,,
129,29663.078125,SSP5,2050,BGD.2.4.2_1,BGD,Bangladesh,BGD.2_1,Chittagong,NA,BGD.2.4_1,Chittagong,NA,Bakalia,NA,NA,Upazilla,Upazilla,201510,NA,91.82916666666668,22.362083198710014,,
130,29686.19921875,SSP5,2050,BGD.2.4.2_1,BGD,Bangladesh,BGD.2_1,Chittagong,NA,BGD.2.4_1,Chittagong,NA,Bakalia,NA,NA,Upazilla,Upazilla,201510,NA,91.83749999999999,22.362083198710014,,
131,30812.609375,SSP5,2050,BGD.2.4.2_1,BGD,Bangladesh,BGD.2_1,Chittagong,NA,BGD.2.4_1,Chittagong,NA,Bakalia,NA,NA,Upazilla,Upazilla,201510,NA,91.84583333333333,22.362083198710014,,
132,31545.978515625,SSP5,2050,BGD.2.4.2_1,BGD,Bangladesh,BGD.2_1,Chittagong,NA,BGD.2.4_1,Chittagong,NA,Bakalia,NA,NA,Upazilla,Upazilla,201510,NA,91.85416666666669,22.362083198710014,,
133,13836.9130859375,SSP5,2050,BGD.2.4.2_1,BGD,Bangladesh,BGD.2_1,Chittagong,NA,BGD.2.4_1,Chittagong,NA,Bakalia,NA,NA,Upazilla,Upazilla,201510,NA,91.86250000000001,22.362083198710014,,
134,4831.17431640625,SSP5,2050,BGD.2.4.2_1,BGD,Bangladesh,BGD.2_1,Chittagong,NA,BGD.2.4_1,Chittagong,NA,Bakalia,NA,NA,Upazilla,Upazilla,201510,NA,91.87083333333334,22.362083198710014,,
135,4665.634765625,SSP5,2050,BGD.2.4.2_1,BGD,Bangladesh,BGD.2_1,Chittagong,NA,BGD.2.4_1,Chittagong,NA,Bakalia,NA,NA,Upazilla,Upazilla,201510,NA,91.7625,22.35374986537668,,
136,16520.693359375,SSP5,2050,BGD.2.4.2_1,BGD,Bangladesh,BGD.2_1,Chittagong,NA,BGD.2.4_1,Chittagong,NA,Bakalia,NA,NA,Upazilla,Upazilla,201510,NA,91.77083333333334,22.353749865376678,,
137,31860.412109375,SSP5,2050,BGD.2.4.2_1,BGD,Bangladesh,BGD.2_1,Chittagong,NA,BGD.2.4_1,Chittagong,NA,Bakalia,NA,NA,Upazilla,Upazilla,201510,NA,91.77916666666668,22.35374986537668,,
138,31317.552734375,SSP5,2050,BGD.2.4.2_1,BGD,Bangladesh,BGD.2_1,Chittagong,NA,BGD.2.4_1,Chittagong,NA,Bakalia,NA,NA,Upazilla,Upazilla,201510,NA,91.78750000000001,22.353749865376678,,
139,27162.41015625,SSP5,2050,BGD.2.4.2_1,BGD,Bangladesh,BGD.2_1,Chittagong,NA,BGD.2.4_1,Chittagong,NA,Bakalia,NA,NA,Upazilla,Upazilla,201510,NA,91.79583333333335,22.35374986537668,,
140,26850.75,SSP5,2050,BGD.2.4.2_1,BGD,Bangladesh,BGD.2_1,Chittagong,NA,BGD.2.4_1,Chittagong,NA,Bakalia,NA,NA,Upazilla,Upazilla,201510,NA,91.80416666666667,22.353749865376678,,
141,25834.390625,SSP5,2050,BGD.2.4.2_1,BGD,Bangladesh,BGD.2_1,Chittagong,NA,BGD.2.4_1,Chittagong,NA,Bakalia,NA,NA,Upazilla,Upazilla,201510,NA,91.8125,22.35374986537668,,
142,44067.8203125,SSP5,2050,BGD.2.4.2_1,BGD,Bangladesh,BGD.2_1,Chittagong,NA,BGD.2.4_1,Chittagong,NA,Bakalia,NA,NA,Upazilla,Upazilla,201510,NA,91.82083333333334,22.353749865376678,,
143,26874.794921875,SSP5,2050,BGD.2.4.2_1,BGD,Bangladesh,BGD.2_1,Chittagong,NA,BGD.2.4_1,Chittagong,NA,Bakalia,NA,NA,Upazilla,Upazilla,201510,NA,91.82916666666668,22.35374986537668,,
144,30774.693359375,SSP5,2050,BGD.2.4.2_1,BGD,Bangladesh,BGD.2_1,Chittagong,NA,BGD.2.4_1,Chittagong,NA,Bakalia,NA,NA,Upazilla,Upazilla,201510,NA,91.83749999999999,22.353749865376678,,
145,30794.11328125,SSP5,2050,BGD.2.4.2_1,BGD,Bangladesh,BGD.2_1,Chittagong,NA,BGD.2.4_1,Chittagong,NA,Bakalia,NA,NA,Upazilla,Upazilla,201510,NA,91.84583333333333,22.35374986537668,,
146,17040.43359375,SSP5,2050,BGD.2.4.2_1,BGD,Bangladesh,BGD.2_1,Chittagong,NA,BGD.2.4_1,Chittagong,NA,Bakalia,NA,NA,Upazilla,Upazilla,201510,NA,91.85416666666669,22.353749865376678,,
147,7575.99169921875,SSP5,2050,BGD.2.4.2_1,BGD,Bangladesh,BGD.2_1,Chittagong,NA,BGD.2.4_1,Chittagong,NA,Bakalia,NA,NA,Upazilla,Upazilla,201510,NA,91.86250000000001,22.35374986537668,,
148,13476.2392578125,SSP5,2050,BGD.2.4.2_1,BGD,Bangladesh,BGD.2_1,Chittagong,NA,BGD.2.4_1,Chittagong,NA,Bakalia,NA,NA,Upazilla,Upazilla,201510,NA,91.77083333333334,22.345416532043348,,
149,31557.076171875,SSP5,2050,BGD.2.4.2_1,BGD,Bangladesh,BGD.2_1,Chittagong,NA,BGD.2.4_1,Chittagong,NA,Bakalia,NA,NA,Upazilla,Upazilla,201510,NA,91.77916666666668,22.345416532043348,,
150,30883.8203125,SSP5,2050,BGD.2.4.2_1,BGD,Bangladesh,BGD.2_1,Chittagong,NA,BGD.2.4_1,Chittagong,NA,Bakalia,NA,NA,Upazilla,Upazilla,201510,NA,91.78750000000001,22.345416532043348,,
151,26645.443359375,SSP5,2050,BGD.2.4.2_1,BGD,Bangladesh,BGD.2_1,Chittagong,NA,BGD.2.4_1,Chittagong,NA,Bakalia,NA,NA,Upazilla,Upazilla,201510,NA,91.79583333333335,22.345416532043348,,
152,44053.0234375,SSP5,2050,BGD.2.4.2_1,BGD,Bangladesh,BGD.2_1,Chittagong,NA,BGD.2.4_1,Chittagong,NA,Bakalia,NA,NA,Upazilla,Upazilla,201510,NA,91.80416666666667,22.345416532043348,,
153,44164.0,SSP5,2050,BGD.2.4.2_1,BGD,Bangladesh,BGD.2_1,Chittagong,NA,BGD.2.4_1,Chittagong,NA,Bakalia,NA,NA,Upazilla,Upazilla,201510,NA,91.8125,22.345416532043348,,
154,25989.7578125,SSP5,2050,BGD.2.4.2_1,BGD,Bangladesh,BGD.2_1,Chittagong,NA,BGD.2.4_1,Chittagong,NA,Bakalia,NA,NA,Upazilla,Upazilla,201510,NA,91.82083333333334,22.345416532043348,,
155,31245.41796875,SSP5,2050,BGD.2.4.2_1,BGD,Bangladesh,BGD.2_1,Chittagong,NA,BGD.2.4_1,Chittagong,NA,Bakalia,NA,NA,Upazilla,Upazilla,201510,NA,91.82916666666668,22.345416532043348,,
156,30488.00390625,SSP5,2050,BGD.2.4.2_1,BGD,Bangladesh,BGD.2_1,Chittagong,NA,BGD.2.4_1,Chittagong,NA,Bakalia,NA,NA,Upazilla,Upazilla,201510,NA,91.83749999999999,22.345416532043348,,
157,27388.060546875,SSP5,2050,BGD.2.4.2_1,BGD,Bangladesh,BGD.2_1,Chittagong,NA,BGD.2.4_1,Chittagong,NA,Bakalia,NA,NA,Upazilla,Upazilla,201510,NA,91.84583333333333,22.345416532043348,,
158,13991.35546875,SSP5,2050,BGD.2.4.2_1,BGD,Bangladesh,BGD.2_1,Chittagong,NA,BGD.2.4_1,Chittagong,NA,Bakalia,NA,NA,Upazilla,Upazilla,201510,NA,91.85416666666669,22.345416532043348,,
159,13708.365234375,SSP5,2050,BGD.2.4.2_1,BGD,Bangladesh,BGD.2_1,Chittagong,NA,BGD.2.4_1,Chittagong,NA,Bakalia,NA,NA,Upazilla,Upazilla,201510,NA,91.77083333333334,22.33708319871002,,
160,24228.931640625,SSP5,2050,BGD.2.4.2_1,BGD,Bangladesh,BGD.2_1,Chittagong,NA,BGD.2.4_1,Chittagong,NA,Bakalia,NA,NA,Upazilla,Upazilla,201510,NA,91.77916666666668,22.337083198710015,,
161,31522.859375,SSP5,2050,BGD.2.4.2_1,BGD,Bangladesh,BGD.2_1,Chittagong,NA,BGD.2.4_1,Chittagong,NA,Bakalia,NA,NA,Upazilla,Upazilla,201510,NA,91.78750000000001,22.33708319871002,,
162,44230.5859375,SSP5,2050,BGD.2.4.2_1,BGD,Bangladesh,BGD.2_1,Chittagong,NA,BGD.2.4_1,Chittagong,NA,Bakalia,NA,NA,Upazilla,Upazilla,201510,NA,91.79583333333335,22.337083198710015,,
163,44475.66015625,SSP5,2050,BGD.2.4.2_1,BGD,Bangladesh,BGD.2_1,Chittagong,NA,BGD.2.4_1,Chittagong,NA,Bakalia,NA,NA,Upazilla,Upazilla,201510,NA,91.80416666666667,22.33708319871002,,
164,43837.54296875,SSP5,2050,BGD.2.4.2_1,BGD,Bangladesh,BGD.2_1,Chittagong,NA,BGD.2.4_1,Chittagong,NA,Bakalia,NA,NA,Upazilla,Upazilla,201510,NA,91.8125,22.337083198710015,,
165,31558.001953125,SSP5,2050,BGD.2.4.2_1,BGD,Bangladesh,BGD.2_1,Chittagong,NA,BGD.2.4_1,Chittagong,NA,Bakalia,NA,NA,Upazilla,Upazilla,201510,NA,91.82083333333334,22.33708319871002,,
166,24247.427734375,SSP5,2050,BGD.2.4.2_1,BGD,Bangladesh,BGD.2_1,Chittagong,NA,BGD.2.4_1,Chittagong,NA,Bakalia,NA,NA,Upazilla,Upazilla,201510,NA,91.82916666666668,22.337083198710015,,
167,16958.125,SSP5,2050,BGD.2.4.2_1,BGD,Bangladesh,BGD.2_1,Chittagong,NA,BGD.2.4_1,Chittagong,NA,Bakalia,NA,NA,Upazilla,Upazilla,201510,NA,91.83749999999999,22.33708319871002,,
168,14018.1748046875,SSP5,2050,BGD.2.4.2_1,BGD,Bangladesh,BGD.2_1,Chittagong,NA,BGD.2.4_1,Chittagong,NA,Bakalia,NA,NA,Upazilla,Upazilla,201510,NA,91.84583333333333,22.337083198710015,,
169,13307.9248046875,SSP5,2050,BGD.2.4.2_1,BGD,Bangladesh,BGD.2_1,Chittagong,NA,BGD.2.4_1,Chittagong,NA,Bakalia,NA,NA,Upazilla,Upazilla,201510,NA,91.77083333333334,22.328749865376682,,
170,17222.619140625,SSP5,2050,BGD.2.4.2_1,BGD,Bangladesh,BGD.2_1,Chittagong,NA,BGD.2.4_1,Chittagong,NA,Bakalia,NA,NA,Upazilla,Upazilla,201510,NA,91.77916666666668,22.328749865376686,,
171,31505.287109375,SSP5,2050,BGD.2.4.2_1,BGD,Bangladesh,BGD.2_1,Chittagong,NA,BGD.2.4_1,Chittagong,NA,Bakalia,NA,NA,Upazilla,Upazilla,201510,NA,91.78750000000001,22.328749865376682,,
172,31398.935546875,SSP5,2050,BGD.2.4.2_1,BGD,Bangladesh,BGD.2_1,Chittagong,NA,BGD.2.4_1,Chittagong,NA,Bakalia,NA,NA,Upazilla,Upazilla,201510,NA,91.79583333333335,22.328749865376686,,
173,27390.8359375,SSP5,2050,BGD.2.4.2_1,BGD,Bangladesh,BGD.2_1,Chittagong,NA,BGD.2.4_1,Chittagong,NA,Bakalia,NA,NA,Upazilla,Upazilla,201510,NA,91.80416666666667,22.328749865376682,,
174,21951.140625,SSP5,2050,BGD.2.4.2_1,BGD,Bangladesh,BGD.2_1,Chittagong,NA,BGD.2.4_1,Chittagong,NA,Bakalia,NA,NA,Upazilla,Upazilla,201510,NA,91.8125,22.328749865376686,,
175,24113.33203125,SSP5,2050,BGD.2.4.2_1,BGD,Bangladesh,BGD.2_1,Chittagong,NA,BGD.2.4_1,Chittagong,NA,Bakalia,NA,NA,Upazilla,Upazilla,201510,NA,91.82083333333334,22.328749865376682,,
176,4713.724609375,SSP5,2050,BGD.2.4.2_1,BGD,Bangladesh,BGD.2_1,Chittagong,NA,BGD.2.4_1,Chittagong,NA,Bakalia,NA,NA,Upazilla,Upazilla,201510,NA,91.77083333333334,22.320416532043346,,
177,25604.115234375,SSP5,2050,BGD.2.4.2_1,BGD,Bangladesh,BGD.2_1,Chittagong,NA,BGD.2.4_1,Chittagong,NA,Bakalia,NA,NA,Upazilla,Upazilla,201510,NA,91.77916666666668,22.320416532043346,,
178,14008.001953125,SSP5,2050,BGD.2.4.2_1,BGD,Bangladesh,BGD.2_1,Chittagong,NA,BGD.2.4_1,Chittagong,NA,Bakalia,NA,NA,Upazilla,Upazilla,201510,NA,91.78750000000001,22.320416532043346,,
179,14192.037109375,SSP5,2050,BGD.2.4.2_1,BGD,Bangladesh,BGD.2_1,Chittagong,NA,BGD.2.4_1,Chittagong,NA,Bakalia,NA,NA,Upazilla,Upazilla,201510,NA,91.79583333333335,22.320416532043346,,
180,14316.8857421875,SSP5,2050,BGD.2.4.2_1,BGD,Bangladesh,BGD.2_1,Chittagong,NA,BGD.2.4_1,Chittagong,NA,Bakalia,NA,NA,Upazilla,Upazilla,201510,NA,91.80416666666667,22.320416532043346,,
181,14246.6005859375,SSP5,2050,BGD.2.4.2_1,BGD,Bangladesh,BGD.2_1,Chittagong,NA,BGD.2.4_1,Chittagong,NA,Bakalia,NA,NA,Upazilla,Upazilla,201510,NA,91.8125,22.320416532043346,,
182,0.0,SSP5,2050,BGD.2.4.2_1,BGD,Bangladesh,BGD.2_1,Chittagong,NA,BGD.2.4_1,Chittagong,NA,Bakalia,NA,NA,Upazilla,Upazilla,201510,NA,91.84987201592878,22.332994233484346,,
183,4715.57421875,SSP5,2050,BGD.2.4.2_1,BGD,Bangladesh,BGD.2_1,Chittagong,NA,BGD.2.4_1,Chittagong,NA,Bakalia,NA,NA,Upazilla,Upazilla,201510,NA,91.77083333333334,22.312083198710013,,
184,29245.06640625,SSP5,2050,BGD.2.4.2_1,BGD,Bangladesh,BGD.2_1,Chittagong,NA,BGD.2.4_1,Chittagong,NA,Bakalia,NA,NA,Upazilla,Upazilla,201510,NA,91.77916666666668,22.312083198710017,,
185,14112.50390625,SSP5,2050,BGD.2.4.2_1,BGD,Bangladesh,BGD.2_1,Chittagong,NA,BGD.2.4_1,Chittagong,NA,Bakalia,NA,NA,Upazilla,Upazilla,201510,NA,91.78750000000001,22.312083198710013,,
186,7501.08251953125,SSP5,2050,BGD.2.4.2_1,BGD,Bangladesh,BGD.2_1,Chittagong,NA,BGD.2.4_1,Chittagong,NA,Bakalia,NA,NA,Upazilla,Upazilla,201510,NA,91.79583333333335,22.312083198710017,,
187,7450.21875,SSP5,2050,BGD.2.4.2_1,BGD,Bangladesh,BGD.2_1,Chittagong,NA,BGD.2.4_1,Chittagong,NA,Bakalia,NA,NA,Upazilla,Upazilla,201510,NA,91.77083333333336,22.303749865376684,,
188,31986.185546875,SSP5,2050,BGD.2.4.2_1,BGD,Bangladesh,BGD.2_1,Chittagong,NA,BGD.2.4_1,Chittagong,NA,Bakalia,NA,NA,Upazilla,Upazilla,201510,NA,91.77916666666668,22.303749865376677,,
189,14199.435546875,SSP5,2050,BGD.2.4.2_1,BGD,Bangladesh,BGD.2_1,Chittagong,NA,BGD.2.4_1,Chittagong,NA,Bakalia,NA,NA,Upazilla,Upazilla,201510,NA,91.78750000000001,22.303749865376684,,
190,0.0,SSP5,2050,BGD.2.4.2_1,BGD,Bangladesh,BGD.2_1,Chittagong,NA,BGD.2.4_1,Chittagong,NA,Bakalia,NA,NA,Upazilla,Upazilla,201510,NA,91.80120443182554,22.302366993138342,,
191,31935.3203125,SSP5,2050,BGD.2.4.2_1,BGD,Bangladesh,BGD.2_1,Chittagong,NA,BGD.2.4_1,Chittagong,NA,Bakalia,NA,NA,Upazilla,Upazilla,201510,NA,91.77916666666668,22.29541653204335,,
192,14758.017578125,SSP5,2050,BGD.2.4.2_1,BGD,Bangladesh,BGD.2_1,Chittagong,NA,BGD.2.4_1,Chittagong,NA,Bakalia,NA,NA,Upazilla,Upazilla,201510,NA,91.78750000000001,22.295416532043348,,
193,0.0,SSP5,2050,BGD.2.4.2_1,BGD,Bangladesh,BGD.2_1,Chittagong,NA,BGD.2.4_1,Chittagong,NA,Bakalia,NA,NA,Upazilla,Upazilla,201510,NA,91.76866751331927,22.279258618062876,,
194,16978.470703125,SSP5,2050,BGD.2.4.2_1,BGD,Bangladesh,BGD.2_1,Chittagong,NA,BGD.2.4_1,Chittagong,NA,Bakalia,NA,NA,Upazilla,Upazilla,201510,NA,91.77916666666668,22.287083198710015,,
195,25302.62890625,SSP5,2050,BGD.2.4.2_1,BGD,Bangladesh,BGD.2_1,Chittagong,NA,BGD.2.4_1,Chittagong,NA,Bakalia,NA,NA,Upazilla,Upazilla,201510,NA,91.78750000000001,22.287083198710015,,
196,13490.111328125,SSP5,2050,BGD.2.4.2_1,BGD,Bangladesh,BGD.2_1,Chittagong,NA,BGD.2.4_1,Chittagong,NA,Bakalia,NA,NA,Upazilla,Upazilla,201510,NA,91.77916666666668,22.278749865376682,,
197,32065.71875,SSP5,2050,BGD.2.4.2_1,BGD,Bangladesh,BGD.2_1,Chittagong,NA,BGD.2.4_1,Chittagong,NA,Bakalia,NA,NA,Upazilla,Upazilla,201510,NA,91.78750000000001,22.27874986537668,,
198,12240.7021484375,SSP5,2050,BGD.2.4.2_1,BGD,Bangladesh,BGD.2_1,Chittagong,NA,BGD.2.4_1,Chittagong,NA,Bakalia,NA,NA,Upazilla,Upazilla,201510,NA,91.79583333333335,22.278749865376682,,
199,0.0,SSP5,2050,BGD.2.4.2_1,BGD,Bangladesh,BGD.2_1,Chittagong,NA,BGD.2.4_1,Chittagong,NA,Bakalia,NA,NA,Upazilla,Upazilla,201510,NA,91.8038888809573,22.278428106299803,,
200,4706.326171875,SSP5,2050,BGD.2.4.2_1,BGD,Bangladesh,BGD.2_1,Chittagong,NA,BGD.2.4_1,Chittagong,NA,Bakalia,NA,NA,Upazilla,Upazilla,201510,NA,91.77916666666668,22.270416532043345,,
201,14423.23828125,SSP5,2050,BGD.2.4.2_1,BGD,Bangladesh,BGD.2_1,Chittagong,NA,BGD.2.4_1,Chittagong,NA,Bakalia,NA,NA,Upazilla,Upazilla,201510,NA,91.78750000000001,22.27041653204335,,
202,14288.216796875,SSP5,2050,BGD.2.4.2_1,BGD,Bangladesh,BGD.2_1,Chittagong,NA,BGD.2.4_1,Chittagong,NA,Bakalia,NA,NA,Upazilla,Upazilla,201510,NA,91.79583333333335,22.270416532043345,,
203,12348.9033203125,SSP5,2050,BGD.2.4.2_1,BGD,Bangladesh,BGD.2_1,Chittagong,NA,BGD.2.4_1,Chittagong,NA,Bakalia,NA,NA,Upazilla,Upazilla,201510,NA,91.80416666666667,22.27041653204335,,
204,4665.634765625,SSP5,2050,BGD.2.4.2_1,BGD,Bangladesh,BGD.2_1,Chittagong,NA,BGD.2.4_1,Chittagong,NA,Bakalia,NA,NA,Upazilla,Upazilla,201510,NA,91.8125,22.270416532043345,,
205,2561.706298828125,SSP5,2050,BGD.2.4.2_1,BGD,Bangladesh,BGD.2_1,Chittagong,NA,BGD.2.4_1,Chittagong,NA,Bakalia,NA,NA,Upazilla,Upazilla,201510,NA,91.82083333333334,22.27041653204335,,
206,4710.025390625,SSP5,2050,BGD.2.4.2_1,BGD,Bangladesh,BGD.2_1,Chittagong,NA,BGD.2.4_1,Chittagong,NA,Bakalia,NA,NA,Upazilla,Upazilla,201510,NA,91.77916666666668,22.262083198710016,,
207,7402.12890625,SSP5,2050,BGD.2.4.2_1,BGD,Bangladesh,BGD.2_1,Chittagong,NA,BGD.2.4_1,Chittagong,NA,Bakalia,NA,NA,Upazilla,Upazilla,201510,NA,91.78750000000001,22.262083198710016,,
208,7543.62353515625,SSP5,2050,BGD.2.4.2_1,BGD,Bangladesh,BGD.2_1,Chittagong,NA,BGD.2.4_1,Chittagong,NA,Bakalia,NA,NA,Upazilla,Upazilla,201510,NA,91.79583333333335,22.262083198710016,,
209,7566.74365234375,SSP5,2050,BGD.2.4.2_1,BGD,Bangladesh,BGD.2_1,Chittagong,NA,BGD.2.4_1,Chittagong,NA,Bakalia,NA,NA,Upazilla,Upazilla,201510,NA,91.80416666666667,22.262083198710016,,
210,4798.80615234375,SSP5,2050,BGD.2.4.2_1,BGD,Bangladesh,BGD.2_1,Chittagong,NA,BGD.2.4_1,Chittagong,NA,Bakalia,NA,NA,Upazilla,Upazilla,201510,NA,91.8125,22.262083198710016,,
211,4719.2734375,SSP5,2050,BGD.2.4.2_1,BGD,Bangladesh,BGD.2_1,Chittagong,NA,BGD.2.4_1,Chittagong,NA,Bakalia,NA,NA,Upazilla,Upazilla,201510,NA,91.82083333333334,22.262083198710016,,
212,2532.112548828125,SSP5,2050,BGD.2.4.2_1,BGD,Bangladesh,BGD.2_1,Chittagong,NA,BGD.2.4_1,Chittagong,NA,Bakalia,NA,NA,Upazilla,Upazilla,201510,NA,91.77916666666668,22.253749865376683,,
213,4777.53564453125,SSP5,2050,BGD.2.4.2_1,BGD,Bangladesh,BGD.2_1,Chittagong,NA,BGD.2.4_1,Chittagong,NA,Bakalia,NA,NA,Upazilla,Upazilla,201510,NA,91.78750000000001,22.253749865376683,,
214,7539.92431640625,SSP5,2050,BGD.2.4.2_1,BGD,Bangladesh,BGD.2_1,Chittagong,NA,BGD.2.4_1,Chittagong,NA,Bakalia,NA,NA,Upazilla,Upazilla,201510,NA,91.79583333333335,22.253749865376683,,
215,4854.29443359375,SSP5,2050,BGD.2.4.2_1,BGD,Bangladesh,BGD.2_1,Chittagong,NA,BGD.2.4_1,Chittagong,NA,Bakalia,NA,NA,Upazilla,Upazilla,201510,NA,91.80416666666667,22.253749865376683,,
216,4785.85888671875,SSP5,2050,BGD.2.4.2_1,BGD,Bangladesh,BGD.2_1,Chittagong,NA,BGD.2.4_1,Chittagong,NA,Bakalia,NA,NA,Upazilla,Upazilla,201510,NA,91.8125,22.253749865376683,,
217,4883.88818359375,SSP5,2050,BGD.2.4.2_1,BGD,Bangladesh,BGD.2_1,Chittagong,NA,BGD.2.4_1,Chittagong,NA,Bakalia,NA,NA,Upazilla,Upazilla,201510,NA,91.82083333333334,22.253749865376683,,
218,0.0,SSP5,2050,BGD.2.4.2_1,BGD,Bangladesh,BGD.2_1,Chittagong,NA,BGD.2.4_1,Chittagong,NA,Bakalia,NA,NA,Upazilla,Upazilla,201510,NA,91.78001847763757,22.246065315637946,,
219,4758.115234375,SSP5,2050,BGD.2.4.2_1,BGD,Bangladesh,BGD.2_1,Chittagong,NA,BGD.2.4_1,Chittagong,NA,Bakalia,NA,NA,Upazilla,Upazilla,201510,NA,91.78750000000001,22.24541653204335,,
220,4773.83642578125,SSP5,2050,BGD.2.4.2_1,BGD,Bangladesh,BGD.2_1,Chittagong,NA,BGD.2.4_1,Chittagong,NA,Bakalia,NA,NA,Upazilla,Upazilla,201510,NA,91.79583333333335,22.24541653204335,,
221,4857.99365234375,SSP5,2050,BGD.2.4.2_1,BGD,Bangladesh,BGD.2_1,Chittagong,NA,BGD.2.4_1,Chittagong,NA,Bakalia,NA,NA,Upazilla,Upazilla,201510,NA,91.80416666666667,22.24541653204335,,
222,4820.07666015625,SSP5,2050,BGD.2.4.2_1,BGD,Bangladesh,BGD.2_1,Chittagong,NA,BGD.2.4_1,Chittagong,NA,Bakalia,NA,NA,Upazilla,Upazilla,201510,NA,91.8125,22.24541653204335,,
223,4817.30224609375,SSP5,2050,BGD.2.4.2_1,BGD,Bangladesh,BGD.2_1,Chittagong,NA,BGD.2.4_1,Chittagong,NA,Bakalia,NA,NA,Upazilla,Upazilla,201510,NA,91.82083333333334,22.24541653204335,,
224,4108.90283203125,SSP5,2050,BGD.2.4.2_1,BGD,Bangladesh,BGD.2_1,Chittagong,NA,BGD.2.4_1,Chittagong,NA,Bakalia,NA,NA,Upazilla,Upazilla,201510,NA,91.80416666666667,22.237083198710017,,
225,255.0,SSP5,2050,BGD.2.4.2_1,BGD,Bangladesh,BGD.2_1,Chittagong,NA,BGD.2.4_1,Chittagong,NA,Bakalia,NA,NA,Upazilla,Upazilla,201510,NA,91.80418844538426,22.339191827835005,,
226,0.0,SSP5,2050,BGD.2.4.2_1,BGD,Bangladesh,BGD.2_1,Chittagong,NA,BGD.2.4_1,Chittagong,NA,Bakalia,NA,NA,Upazilla,Upazilla,201510,NA,91.81857955515041,22.243563821729605,,
