,heatflux,Scenario,Year,GID_3,GID_0,COUNTRY,GID_1,NAME_1,NL_NAME_1,GID_2,NAME_2,NL_NAME_2,NAME_3,VARNAME_3,NL_NAME_3,TYPE_3,ENGTYPE_3,CC_3,HASC_3,lon,lat,center_lon,center_lat
0,128204.0,SSP3,2050,BGD.2.4.2_1,BGD,Bangladesh,BGD.2_1,Chittagong,NA,BGD.2.4_1,Chittagong,NA,Bakalia,NA,NA,Upazilla,Upazilla,201510,NA,91.8125862712154,22.469241296023178,91.81237988562597,22.353154446362993
1,13194.0,SSP3,2050,BGD.2.4.2_1,BGD,Bangladesh,BGD.2_1,Chittagong,NA,BGD.2.4_1,Chittagong,NA,Bakalia,NA,NA,Upazilla,Upazilla,201510,NA,91.7713350137838,22.46106568269215,,
2,14014.0,SSP3,2050,BGD.2.4.2_1,BGD,Bangladesh,BGD.2_1,Chittagong,NA,BGD.2.4_1,Chittagong,NA,Bakalia,NA,NA,Upazilla,Upazilla,201510,NA,91.77941912298012,22.461987245321993,,
3,22299.0,SSP3,2050,BGD.2.4.2_1,BGD,Bangladesh,BGD.2_1,Chittagong,NA,BGD.2.4_1,Chittagong,NA,Bakalia,NA,NA,Upazilla,Upazilla,201510,NA,91.78749255487615,22.462125731860304,,
4,23726.0,SSP3,2050,BGD.2.4.2_1,BGD,Bangladesh,BGD.2_1,Chittagong,NA,BGD.2.4_1,Chittagong,NA,Bakalia,NA,NA,Upazilla,Upazilla,201510,NA,91.79587755556591,22.46245128785117,,
5,102569.0,SSP3,2050,BGD.2.4.2_1,BGD,Bangladesh,BGD.2_1,Chittagong,NA,BGD.2.4_1,Chittagong,NA,Bakalia,NA,NA,Upazilla,Upazilla,201510,NA,91.80416666666561,22.462500000000265,,
6,114194.0,SSP3,2050,BGD.2.4.2_1,BGD,Bangladesh,BGD.2_1,Chittagong,NA,BGD.2.4_1,Chittagong,NA,Bakalia,NA,NA,Upazilla,Upazilla,201510,NA,91.81249999999892,22.46250000000026,,
7,96442.0,SSP3,2050,BGD.2.4.2_1,BGD,Bangladesh,BGD.2_1,Chittagong,NA,BGD.2.4_1,Chittagong,NA,Bakalia,NA,NA,Upazilla,Upazilla,201510,NA,91.81934177820938,22.462493120937904,,
8,14528.0,SSP3,2050,BGD.2.4.2_1,BGD,Bangladesh,BGD.2_1,Chittagong,NA,BGD.2.4_1,Chittagong,NA,Bakalia,NA,NA,Upazilla,Upazilla,201510,NA,91.7709190452577,22.454211413779237,,
9,13193.0,SSP3,2050,BGD.2.4.2_1,BGD,Bangladesh,BGD.2_1,Chittagong,NA,BGD.2.4_1,Chittagong,NA,Bakalia,NA,NA,Upazilla,Upazilla,201510,NA,91.77916666666559,22.454166666666936,,
10,17896.0,SSP3,2050,BGD.2.4.2_1,BGD,Bangladesh,BGD.2_1,Chittagong,NA,BGD.2.4_1,Chittagong,NA,Bakalia,NA,NA,Upazilla,Upazilla,201510,NA,91.78749999999893,22.454166666666932,,
11,62773.0,SSP3,2050,BGD.2.4.2_1,BGD,Bangladesh,BGD.2_1,Chittagong,NA,BGD.2.4_1,Chittagong,NA,Bakalia,NA,NA,Upazilla,Upazilla,201510,NA,91.79583333333225,22.454166666666936,,
12,61985.0,SSP3,2050,BGD.2.4.2_1,BGD,Bangladesh,BGD.2_1,Chittagong,NA,BGD.2.4_1,Chittagong,NA,Bakalia,NA,NA,Upazilla,Upazilla,201510,NA,91.80416666666561,22.454166666666932,,
13,119154.0,SSP3,2050,BGD.2.4.2_1,BGD,Bangladesh,BGD.2_1,Chittagong,NA,BGD.2.4_1,Chittagong,NA,Bakalia,NA,NA,Upazilla,Upazilla,201510,NA,91.81249999999892,22.454166666666936,,
14,115635.0,SSP3,2050,BGD.2.4.2_1,BGD,Bangladesh,BGD.2_1,Chittagong,NA,BGD.2.4_1,Chittagong,NA,Bakalia,NA,NA,Upazilla,Upazilla,201510,NA,91.81971538188488,22.45403916337723,,
15,11765.0,SSP3,2050,BGD.2.4.2_1,BGD,Bangladesh,BGD.2_1,Chittagong,NA,BGD.2.4_1,Chittagong,NA,Bakalia,NA,NA,Upazilla,Upazilla,201510,NA,91.77269053848144,22.445857517593577,,
16,12615.0,SSP3,2050,BGD.2.4.2_1,BGD,Bangladesh,BGD.2_1,Chittagong,NA,BGD.2.4_1,Chittagong,NA,Bakalia,NA,NA,Upazilla,Upazilla,201510,NA,91.77916666666559,22.4458333333336,,
17,16043.0,SSP3,2050,BGD.2.4.2_1,BGD,Bangladesh,BGD.2_1,Chittagong,NA,BGD.2.4_1,Chittagong,NA,Bakalia,NA,NA,Upazilla,Upazilla,201510,NA,91.78749999999893,22.4458333333336,,
18,38888.0,SSP3,2050,BGD.2.4.2_1,BGD,Bangladesh,BGD.2_1,Chittagong,NA,BGD.2.4_1,Chittagong,NA,Bakalia,NA,NA,Upazilla,Upazilla,201510,NA,91.79583333333225,22.4458333333336,,
19,69348.0,SSP3,2050,BGD.2.4.2_1,BGD,Bangladesh,BGD.2_1,Chittagong,NA,BGD.2.4_1,Chittagong,NA,Bakalia,NA,NA,Upazilla,Upazilla,201510,NA,91.80416666666561,22.4458333333336,,
20,120106.0,SSP3,2050,BGD.2.4.2_1,BGD,Bangladesh,BGD.2_1,Chittagong,NA,BGD.2.4_1,Chittagong,NA,Bakalia,NA,NA,Upazilla,Upazilla,201510,NA,91.81249999999892,22.4458333333336,,
21,169288.0,SSP3,2050,BGD.2.4.2_1,BGD,Bangladesh,BGD.2_1,Chittagong,NA,BGD.2.4_1,Chittagong,NA,Bakalia,NA,NA,Upazilla,Upazilla,201510,NA,91.8204141298126,22.445691821750962,,
22,17345.0,SSP3,2050,BGD.2.4.2_1,BGD,Bangladesh,BGD.2_1,Chittagong,NA,BGD.2.4_1,Chittagong,NA,Bakalia,NA,NA,Upazilla,Upazilla,201510,NA,91.77916666666559,22.43750000000026,,
23,16921.0,SSP3,2050,BGD.2.4.2_1,BGD,Bangladesh,BGD.2_1,Chittagong,NA,BGD.2.4_1,Chittagong,NA,Bakalia,NA,NA,Upazilla,Upazilla,201510,NA,91.78749999999891,22.43750000000026,,
24,50743.0,SSP3,2050,BGD.2.4.2_1,BGD,Bangladesh,BGD.2_1,Chittagong,NA,BGD.2.4_1,Chittagong,NA,Bakalia,NA,NA,Upazilla,Upazilla,201510,NA,91.79583333333227,22.43750000000026,,
25,47741.0,SSP3,2050,BGD.2.4.2_1,BGD,Bangladesh,BGD.2_1,Chittagong,NA,BGD.2.4_1,Chittagong,NA,Bakalia,NA,NA,Upazilla,Upazilla,201510,NA,91.8041666666656,22.43750000000026,,
26,71766.0,SSP3,2050,BGD.2.4.2_1,BGD,Bangladesh,BGD.2_1,Chittagong,NA,BGD.2.4_1,Chittagong,NA,Bakalia,NA,NA,Upazilla,Upazilla,201510,NA,91.81249999999893,22.43750000000026,,
27,160436.0,SSP3,2050,BGD.2.4.2_1,BGD,Bangladesh,BGD.2_1,Chittagong,NA,BGD.2.4_1,Chittagong,NA,Bakalia,NA,NA,Upazilla,Upazilla,201510,NA,91.82083333333227,22.43750000000026,,
28,0.0,SSP3,2050,BGD.2.4.2_1,BGD,Bangladesh,BGD.2_1,Chittagong,NA,BGD.2.4_1,Chittagong,NA,Bakalia,NA,NA,Upazilla,Upazilla,201510,NA,91.86171859063933,22.42701185634361,,
29,17737.0,SSP3,2050,BGD.2.4.2_1,BGD,Bangladesh,BGD.2_1,Chittagong,NA,BGD.2.4_1,Chittagong,NA,Bakalia,NA,NA,Upazilla,Upazilla,201510,NA,91.77956162317125,22.429504941399927,,
30,49339.0,SSP3,2050,BGD.2.4.2_1,BGD,Bangladesh,BGD.2_1,Chittagong,NA,BGD.2.4_1,Chittagong,NA,Bakalia,NA,NA,Upazilla,Upazilla,201510,NA,91.78749999999893,22.42916666666693,,
31,36299.0,SSP3,2050,BGD.2.4.2_1,BGD,Bangladesh,BGD.2_1,Chittagong,NA,BGD.2.4_1,Chittagong,NA,Bakalia,NA,NA,Upazilla,Upazilla,201510,NA,91.79583333333225,22.429166666666934,,
32,29112.0,SSP3,2050,BGD.2.4.2_1,BGD,Bangladesh,BGD.2_1,Chittagong,NA,BGD.2.4_1,Chittagong,NA,Bakalia,NA,NA,Upazilla,Upazilla,201510,NA,91.80416666666561,22.42916666666693,,
33,107211.0,SSP3,2050,BGD.2.4.2_1,BGD,Bangladesh,BGD.2_1,Chittagong,NA,BGD.2.4_1,Chittagong,NA,Bakalia,NA,NA,Upazilla,Upazilla,201510,NA,91.81249999999892,22.429166666666934,,
34,166568.0,SSP3,2050,BGD.2.4.2_1,BGD,Bangladesh,BGD.2_1,Chittagong,NA,BGD.2.4_1,Chittagong,NA,Bakalia,NA,NA,Upazilla,Upazilla,201510,NA,91.82075169500872,22.429205292642035,,
35,87873.0,SSP3,2050,BGD.2.4.2_1,BGD,Bangladesh,BGD.2_1,Chittagong,NA,BGD.2.4_1,Chittagong,NA,Bakalia,NA,NA,Upazilla,Upazilla,201510,NA,91.87934749102492,22.429017903933705,,
36,6208.0,SSP3,2050,BGD.2.4.2_1,BGD,Bangladesh,BGD.2_1,Chittagong,NA,BGD.2.4_1,Chittagong,NA,Bakalia,NA,NA,Upazilla,Upazilla,201510,NA,91.88749999999892,22.429166666666934,,
37,18978.0,SSP3,2050,BGD.2.4.2_1,BGD,Bangladesh,BGD.2_1,Chittagong,NA,BGD.2.4_1,Chittagong,NA,Bakalia,NA,NA,Upazilla,Upazilla,201510,NA,91.78107410620117,22.420915390556484,,
38,39507.0,SSP3,2050,BGD.2.4.2_1,BGD,Bangladesh,BGD.2_1,Chittagong,NA,BGD.2.4_1,Chittagong,NA,Bakalia,NA,NA,Upazilla,Upazilla,201510,NA,91.78749999999893,22.420833333333594,,
39,77656.0,SSP3,2050,BGD.2.4.2_1,BGD,Bangladesh,BGD.2_1,Chittagong,NA,BGD.2.4_1,Chittagong,NA,Bakalia,NA,NA,Upazilla,Upazilla,201510,NA,91.79583333333225,22.4208333333336,,
40,39843.0,SSP3,2050,BGD.2.4.2_1,BGD,Bangladesh,BGD.2_1,Chittagong,NA,BGD.2.4_1,Chittagong,NA,Bakalia,NA,NA,Upazilla,Upazilla,201510,NA,91.80416666666561,22.420833333333594,,
41,113472.0,SSP3,2050,BGD.2.4.2_1,BGD,Bangladesh,BGD.2_1,Chittagong,NA,BGD.2.4_1,Chittagong,NA,Bakalia,NA,NA,Upazilla,Upazilla,201510,NA,91.81249999999892,22.4208333333336,,
42,142950.0,SSP3,2050,BGD.2.4.2_1,BGD,Bangladesh,BGD.2_1,Chittagong,NA,BGD.2.4_1,Chittagong,NA,Bakalia,NA,NA,Upazilla,Upazilla,201510,NA,91.82081784606886,22.42082808713039,,
43,87163.0,SSP3,2050,BGD.2.4.2_1,BGD,Bangladesh,BGD.2_1,Chittagong,NA,BGD.2.4_1,Chittagong,NA,Bakalia,NA,NA,Upazilla,Upazilla,201510,NA,91.8791666666656,22.4208333333336,,
44,25626.0,SSP3,2050,BGD.2.4.2_1,BGD,Bangladesh,BGD.2_1,Chittagong,NA,BGD.2.4_1,Chittagong,NA,Bakalia,NA,NA,Upazilla,Upazilla,201510,NA,91.88720136684593,22.421007802835817,,
45,31407.0,SSP3,2050,BGD.2.4.2_1,BGD,Bangladesh,BGD.2_1,Chittagong,NA,BGD.2.4_1,Chittagong,NA,Bakalia,NA,NA,Upazilla,Upazilla,201510,NA,91.78749999999893,22.412500000000264,,
46,26283.0,SSP3,2050,BGD.2.4.2_1,BGD,Bangladesh,BGD.2_1,Chittagong,NA,BGD.2.4_1,Chittagong,NA,Bakalia,NA,NA,Upazilla,Upazilla,201510,NA,91.79583333333225,22.412500000000264,,
47,22221.0,SSP3,2050,BGD.2.4.2_1,BGD,Bangladesh,BGD.2_1,Chittagong,NA,BGD.2.4_1,Chittagong,NA,Bakalia,NA,NA,Upazilla,Upazilla,201510,NA,91.80416666666561,22.412500000000264,,
48,71643.0,SSP3,2050,BGD.2.4.2_1,BGD,Bangladesh,BGD.2_1,Chittagong,NA,BGD.2.4_1,Chittagong,NA,Bakalia,NA,NA,Upazilla,Upazilla,201510,NA,91.81249999999892,22.412500000000264,,
49,262483.0,SSP3,2050,BGD.2.4.2_1,BGD,Bangladesh,BGD.2_1,Chittagong,NA,BGD.2.4_1,Chittagong,NA,Bakalia,NA,NA,Upazilla,Upazilla,201510,NA,91.82083333333226,22.412500000000264,,
50,188746.0,SSP3,2050,BGD.2.4.2_1,BGD,Bangladesh,BGD.2_1,Chittagong,NA,BGD.2.4_1,Chittagong,NA,Bakalia,NA,NA,Upazilla,Upazilla,201510,NA,91.82916666666559,22.412500000000264,,
51,341510.0,SSP3,2050,BGD.2.4.2_1,BGD,Bangladesh,BGD.2_1,Chittagong,NA,BGD.2.4_1,Chittagong,NA,Bakalia,NA,NA,Upazilla,Upazilla,201510,NA,91.83749999999894,22.412500000000264,,
52,114282.0,SSP3,2050,BGD.2.4.2_1,BGD,Bangladesh,BGD.2_1,Chittagong,NA,BGD.2.4_1,Chittagong,NA,Bakalia,NA,NA,Upazilla,Upazilla,201510,NA,91.84522065542112,22.411947427585815,,
53,140367.0,SSP3,2050,BGD.2.4.2_1,BGD,Bangladesh,BGD.2_1,Chittagong,NA,BGD.2.4_1,Chittagong,NA,Bakalia,NA,NA,Upazilla,Upazilla,201510,NA,91.87230597325602,22.41258238808627,,
54,79933.0,SSP3,2050,BGD.2.4.2_1,BGD,Bangladesh,BGD.2_1,Chittagong,NA,BGD.2.4_1,Chittagong,NA,Bakalia,NA,NA,Upazilla,Upazilla,201510,NA,91.8791666666656,22.412500000000264,,
55,75143.0,SSP3,2050,BGD.2.4.2_1,BGD,Bangladesh,BGD.2_1,Chittagong,NA,BGD.2.4_1,Chittagong,NA,Bakalia,NA,NA,Upazilla,Upazilla,201510,NA,91.88749999999892,22.412500000000264,,
56,61928.0,SSP3,2050,BGD.2.4.2_1,BGD,Bangladesh,BGD.2_1,Chittagong,NA,BGD.2.4_1,Chittagong,NA,Bakalia,NA,NA,Upazilla,Upazilla,201510,NA,91.78815707640493,22.404601947098865,,
57,33070.0,SSP3,2050,BGD.2.4.2_1,BGD,Bangladesh,BGD.2_1,Chittagong,NA,BGD.2.4_1,Chittagong,NA,Bakalia,NA,NA,Upazilla,Upazilla,201510,NA,91.79583333333225,22.404166666666928,,
58,83636.0,SSP3,2050,BGD.2.4.2_1,BGD,Bangladesh,BGD.2_1,Chittagong,NA,BGD.2.4_1,Chittagong,NA,Bakalia,NA,NA,Upazilla,Upazilla,201510,NA,91.80416666666561,22.40416666666693,,
59,55020.0,SSP3,2050,BGD.2.4.2_1,BGD,Bangladesh,BGD.2_1,Chittagong,NA,BGD.2.4_1,Chittagong,NA,Bakalia,NA,NA,Upazilla,Upazilla,201510,NA,91.81249999999892,22.404166666666928,,
60,326107.0,SSP3,2050,BGD.2.4.2_1,BGD,Bangladesh,BGD.2_1,Chittagong,NA,BGD.2.4_1,Chittagong,NA,Bakalia,NA,NA,Upazilla,Upazilla,201510,NA,91.82083333333226,22.40416666666693,,
61,196206.0,SSP3,2050,BGD.2.4.2_1,BGD,Bangladesh,BGD.2_1,Chittagong,NA,BGD.2.4_1,Chittagong,NA,Bakalia,NA,NA,Upazilla,Upazilla,201510,NA,91.82916666666559,22.404166666666928,,
62,340610.0,SSP3,2050,BGD.2.4.2_1,BGD,Bangladesh,BGD.2_1,Chittagong,NA,BGD.2.4_1,Chittagong,NA,Bakalia,NA,NA,Upazilla,Upazilla,201510,NA,91.83749999999894,22.40416666666693,,
63,49658.0,SSP3,2050,BGD.2.4.2_1,BGD,Bangladesh,BGD.2_1,Chittagong,NA,BGD.2.4_1,Chittagong,NA,Bakalia,NA,NA,Upazilla,Upazilla,201510,NA,91.84583333333225,22.404166666666928,,
64,133216.0,SSP3,2050,BGD.2.4.2_1,BGD,Bangladesh,BGD.2_1,Chittagong,NA,BGD.2.4_1,Chittagong,NA,Bakalia,NA,NA,Upazilla,Upazilla,201510,NA,91.854249478229,22.40402421526392,,
65,165780.0,SSP3,2050,BGD.2.4.2_1,BGD,Bangladesh,BGD.2_1,Chittagong,NA,BGD.2.4_1,Chittagong,NA,Bakalia,NA,NA,Upazilla,Upazilla,201510,NA,91.86236376646596,22.403974990512516,,
66,173060.0,SSP3,2050,BGD.2.4.2_1,BGD,Bangladesh,BGD.2_1,Chittagong,NA,BGD.2.4_1,Chittagong,NA,Bakalia,NA,NA,Upazilla,Upazilla,201510,NA,91.87094632835093,22.403985606562035,,
67,855406.0,SSP3,2050,BGD.2.4.2_1,BGD,Bangladesh,BGD.2_1,Chittagong,NA,BGD.2.4_1,Chittagong,NA,Bakalia,NA,NA,Upazilla,Upazilla,201510,NA,91.8791666666656,22.404166666666928,,
68,64187.0,SSP3,2050,BGD.2.4.2_1,BGD,Bangladesh,BGD.2_1,Chittagong,NA,BGD.2.4_1,Chittagong,NA,Bakalia,NA,NA,Upazilla,Upazilla,201510,NA,91.88749999999892,22.404166666666928,,
69,13765.0,SSP3,2050,BGD.2.4.2_1,BGD,Bangladesh,BGD.2_1,Chittagong,NA,BGD.2.4_1,Chittagong,NA,Bakalia,NA,NA,Upazilla,Upazilla,201510,NA,91.89380417928795,22.404238674557757,,
70,86290.0,SSP3,2050,BGD.2.4.2_1,BGD,Bangladesh,BGD.2_1,Chittagong,NA,BGD.2.4_1,Chittagong,NA,Bakalia,NA,NA,Upazilla,Upazilla,201510,NA,91.79583333333225,22.395833333333595,,
71,91171.0,SSP3,2050,BGD.2.4.2_1,BGD,Bangladesh,BGD.2_1,Chittagong,NA,BGD.2.4_1,Chittagong,NA,Bakalia,NA,NA,Upazilla,Upazilla,201510,NA,91.80416666666561,22.395833333333595,,
72,134184.0,SSP3,2050,BGD.2.4.2_1,BGD,Bangladesh,BGD.2_1,Chittagong,NA,BGD.2.4_1,Chittagong,NA,Bakalia,NA,NA,Upazilla,Upazilla,201510,NA,91.81249999999892,22.395833333333595,,
73,375283.0,SSP3,2050,BGD.2.4.2_1,BGD,Bangladesh,BGD.2_1,Chittagong,NA,BGD.2.4_1,Chittagong,NA,Bakalia,NA,NA,Upazilla,Upazilla,201510,NA,91.82083333333226,22.395833333333595,,
74,358618.0,SSP3,2050,BGD.2.4.2_1,BGD,Bangladesh,BGD.2_1,Chittagong,NA,BGD.2.4_1,Chittagong,NA,Bakalia,NA,NA,Upazilla,Upazilla,201510,NA,91.82916666666559,22.395833333333595,,
75,594394.0,SSP3,2050,BGD.2.4.2_1,BGD,Bangladesh,BGD.2_1,Chittagong,NA,BGD.2.4_1,Chittagong,NA,Bakalia,NA,NA,Upazilla,Upazilla,201510,NA,91.83749999999894,22.395833333333595,,
76,77690.0,SSP3,2050,BGD.2.4.2_1,BGD,Bangladesh,BGD.2_1,Chittagong,NA,BGD.2.4_1,Chittagong,NA,Bakalia,NA,NA,Upazilla,Upazilla,201510,NA,91.84583333333225,22.395833333333595,,
77,120798.0,SSP3,2050,BGD.2.4.2_1,BGD,Bangladesh,BGD.2_1,Chittagong,NA,BGD.2.4_1,Chittagong,NA,Bakalia,NA,NA,Upazilla,Upazilla,201510,NA,91.85416666666558,22.395833333333595,,
78,594849.0,SSP3,2050,BGD.2.4.2_1,BGD,Bangladesh,BGD.2_1,Chittagong,NA,BGD.2.4_1,Chittagong,NA,Bakalia,NA,NA,Upazilla,Upazilla,201510,NA,91.86249999999895,22.395833333333595,,
79,233996.0,SSP3,2050,BGD.2.4.2_1,BGD,Bangladesh,BGD.2_1,Chittagong,NA,BGD.2.4_1,Chittagong,NA,Bakalia,NA,NA,Upazilla,Upazilla,201510,NA,91.87083333333227,22.395833333333595,,
80,229211.0,SSP3,2050,BGD.2.4.2_1,BGD,Bangladesh,BGD.2_1,Chittagong,NA,BGD.2.4_1,Chittagong,NA,Bakalia,NA,NA,Upazilla,Upazilla,201510,NA,91.8791666666656,22.395833333333595,,
81,34407.0,SSP3,2050,BGD.2.4.2_1,BGD,Bangladesh,BGD.2_1,Chittagong,NA,BGD.2.4_1,Chittagong,NA,Bakalia,NA,NA,Upazilla,Upazilla,201510,NA,91.88749999999892,22.395833333333595,,
82,34302.0,SSP3,2050,BGD.2.4.2_1,BGD,Bangladesh,BGD.2_1,Chittagong,NA,BGD.2.4_1,Chittagong,NA,Bakalia,NA,NA,Upazilla,Upazilla,201510,NA,91.77980981182995,22.38686787348704,,
83,130490.0,SSP3,2050,BGD.2.4.2_1,BGD,Bangladesh,BGD.2_1,Chittagong,NA,BGD.2.4_1,Chittagong,NA,Bakalia,NA,NA,Upazilla,Upazilla,201510,NA,91.78749999999893,22.38750000000027,,
84,73215.0,SSP3,2050,BGD.2.4.2_1,BGD,Bangladesh,BGD.2_1,Chittagong,NA,BGD.2.4_1,Chittagong,NA,Bakalia,NA,NA,Upazilla,Upazilla,201510,NA,91.79583333333225,22.387500000000262,,
85,224321.0,SSP3,2050,BGD.2.4.2_1,BGD,Bangladesh,BGD.2_1,Chittagong,NA,BGD.2.4_1,Chittagong,NA,Bakalia,NA,NA,Upazilla,Upazilla,201510,NA,91.80416666666561,22.38750000000027,,
86,312910.0,SSP3,2050,BGD.2.4.2_1,BGD,Bangladesh,BGD.2_1,Chittagong,NA,BGD.2.4_1,Chittagong,NA,Bakalia,NA,NA,Upazilla,Upazilla,201510,NA,91.81249999999892,22.387500000000262,,
87,713115.0,SSP3,2050,BGD.2.4.2_1,BGD,Bangladesh,BGD.2_1,Chittagong,NA,BGD.2.4_1,Chittagong,NA,Bakalia,NA,NA,Upazilla,Upazilla,201510,NA,91.82083333333226,22.38750000000027,,
88,955585.0,SSP3,2050,BGD.2.4.2_1,BGD,Bangladesh,BGD.2_1,Chittagong,NA,BGD.2.4_1,Chittagong,NA,Bakalia,NA,NA,Upazilla,Upazilla,201510,NA,91.82916666666559,22.387500000000262,,
89,855768.0,SSP3,2050,BGD.2.4.2_1,BGD,Bangladesh,BGD.2_1,Chittagong,NA,BGD.2.4_1,Chittagong,NA,Bakalia,NA,NA,Upazilla,Upazilla,201510,NA,91.83749999999894,22.38750000000027,,
90,107351.0,SSP3,2050,BGD.2.4.2_1,BGD,Bangladesh,BGD.2_1,Chittagong,NA,BGD.2.4_1,Chittagong,NA,Bakalia,NA,NA,Upazilla,Upazilla,201510,NA,91.84583333333225,22.387500000000262,,
91,128690.0,SSP3,2050,BGD.2.4.2_1,BGD,Bangladesh,BGD.2_1,Chittagong,NA,BGD.2.4_1,Chittagong,NA,Bakalia,NA,NA,Upazilla,Upazilla,201510,NA,91.85416666666558,22.38750000000027,,
92,296424.0,SSP3,2050,BGD.2.4.2_1,BGD,Bangladesh,BGD.2_1,Chittagong,NA,BGD.2.4_1,Chittagong,NA,Bakalia,NA,NA,Upazilla,Upazilla,201510,NA,91.86249999999895,22.387500000000262,,
93,204257.0,SSP3,2050,BGD.2.4.2_1,BGD,Bangladesh,BGD.2_1,Chittagong,NA,BGD.2.4_1,Chittagong,NA,Bakalia,NA,NA,Upazilla,Upazilla,201510,NA,91.87083333333227,22.38750000000027,,
94,119695.0,SSP3,2050,BGD.2.4.2_1,BGD,Bangladesh,BGD.2_1,Chittagong,NA,BGD.2.4_1,Chittagong,NA,Bakalia,NA,NA,Upazilla,Upazilla,201510,NA,91.8791666666656,22.387500000000262,,
95,24036.0,SSP3,2050,BGD.2.4.2_1,BGD,Bangladesh,BGD.2_1,Chittagong,NA,BGD.2.4_1,Chittagong,NA,Bakalia,NA,NA,Upazilla,Upazilla,201510,NA,91.88674812736157,22.388988829967335,,
96,223574.0,SSP3,2050,BGD.2.4.2_1,BGD,Bangladesh,BGD.2_1,Chittagong,NA,BGD.2.4_1,Chittagong,NA,Bakalia,NA,NA,Upazilla,Upazilla,201510,NA,91.77135297187961,22.378813151172565,,
97,406042.0,SSP3,2050,BGD.2.4.2_1,BGD,Bangladesh,BGD.2_1,Chittagong,NA,BGD.2.4_1,Chittagong,NA,Bakalia,NA,NA,Upazilla,Upazilla,201510,NA,91.77916666666559,22.379166666666933,,
98,181344.0,SSP3,2050,BGD.2.4.2_1,BGD,Bangladesh,BGD.2_1,Chittagong,NA,BGD.2.4_1,Chittagong,NA,Bakalia,NA,NA,Upazilla,Upazilla,201510,NA,91.78749999999893,22.37916666666693,,
99,75780.0,SSP3,2050,BGD.2.4.2_1,BGD,Bangladesh,BGD.2_1,Chittagong,NA,BGD.2.4_1,Chittagong,NA,Bakalia,NA,NA,Upazilla,Upazilla,201510,NA,91.79583333333225,22.379166666666933,,
100,321341.0,SSP3,2050,BGD.2.4.2_1,BGD,Bangladesh,BGD.2_1,Chittagong,NA,BGD.2.4_1,Chittagong,NA,Bakalia,NA,NA,Upazilla,Upazilla,201510,NA,91.80416666666561,22.37916666666693,,
101,317347.0,SSP3,2050,BGD.2.4.2_1,BGD,Bangladesh,BGD.2_1,Chittagong,NA,BGD.2.4_1,Chittagong,NA,Bakalia,NA,NA,Upazilla,Upazilla,201510,NA,91.81249999999892,22.379166666666933,,
102,632978.0,SSP3,2050,BGD.2.4.2_1,BGD,Bangladesh,BGD.2_1,Chittagong,NA,BGD.2.4_1,Chittagong,NA,Bakalia,NA,NA,Upazilla,Upazilla,201510,NA,91.82083333333226,22.37916666666693,,
103,1229496.0,SSP3,2050,BGD.2.4.2_1,BGD,Bangladesh,BGD.2_1,Chittagong,NA,BGD.2.4_1,Chittagong,NA,Bakalia,NA,NA,Upazilla,Upazilla,201510,NA,91.82916666666559,22.379166666666933,,
104,835273.0,SSP3,2050,BGD.2.4.2_1,BGD,Bangladesh,BGD.2_1,Chittagong,NA,BGD.2.4_1,Chittagong,NA,Bakalia,NA,NA,Upazilla,Upazilla,201510,NA,91.83749999999894,22.37916666666693,,
105,325460.0,SSP3,2050,BGD.2.4.2_1,BGD,Bangladesh,BGD.2_1,Chittagong,NA,BGD.2.4_1,Chittagong,NA,Bakalia,NA,NA,Upazilla,Upazilla,201510,NA,91.84583333333225,22.379166666666933,,
106,280282.0,SSP3,2050,BGD.2.4.2_1,BGD,Bangladesh,BGD.2_1,Chittagong,NA,BGD.2.4_1,Chittagong,NA,Bakalia,NA,NA,Upazilla,Upazilla,201510,NA,91.85416666666558,22.37916666666693,,
107,532605.0,SSP3,2050,BGD.2.4.2_1,BGD,Bangladesh,BGD.2_1,Chittagong,NA,BGD.2.4_1,Chittagong,NA,Bakalia,NA,NA,Upazilla,Upazilla,201510,NA,91.86249999999895,22.379166666666933,,
108,738690.0,SSP3,2050,BGD.2.4.2_1,BGD,Bangladesh,BGD.2_1,Chittagong,NA,BGD.2.4_1,Chittagong,NA,Bakalia,NA,NA,Upazilla,Upazilla,201510,NA,91.87083333333227,22.37916666666693,,
109,13789.0,SSP3,2050,BGD.2.4.2_1,BGD,Bangladesh,BGD.2_1,Chittagong,NA,BGD.2.4_1,Chittagong,NA,Bakalia,NA,NA,Upazilla,Upazilla,201510,NA,91.87886150013983,22.379372402146394,,
110,420508.0,SSP3,2050,BGD.2.4.2_1,BGD,Bangladesh,BGD.2_1,Chittagong,NA,BGD.2.4_1,Chittagong,NA,Bakalia,NA,NA,Upazilla,Upazilla,201510,NA,91.76252008940814,22.370811813610786,,
111,558263.0,SSP3,2050,BGD.2.4.2_1,BGD,Bangladesh,BGD.2_1,Chittagong,NA,BGD.2.4_1,Chittagong,NA,Bakalia,NA,NA,Upazilla,Upazilla,201510,NA,91.77083333333226,22.3708333333336,,
112,717593.0,SSP3,2050,BGD.2.4.2_1,BGD,Bangladesh,BGD.2_1,Chittagong,NA,BGD.2.4_1,Chittagong,NA,Bakalia,NA,NA,Upazilla,Upazilla,201510,NA,91.77916666666559,22.3708333333336,,
113,237999.0,SSP3,2050,BGD.2.4.2_1,BGD,Bangladesh,BGD.2_1,Chittagong,NA,BGD.2.4_1,Chittagong,NA,Bakalia,NA,NA,Upazilla,Upazilla,201510,NA,91.78749999999891,22.3708333333336,,
114,140511.0,SSP3,2050,BGD.2.4.2_1,BGD,Bangladesh,BGD.2_1,Chittagong,NA,BGD.2.4_1,Chittagong,NA,Bakalia,NA,NA,Upazilla,Upazilla,201510,NA,91.79583333333227,22.3708333333336,,
115,437206.0,SSP3,2050,BGD.2.4.2_1,BGD,Bangladesh,BGD.2_1,Chittagong,NA,BGD.2.4_1,Chittagong,NA,Bakalia,NA,NA,Upazilla,Upazilla,201510,NA,91.8041666666656,22.3708333333336,,
116,499382.0,SSP3,2050,BGD.2.4.2_1,BGD,Bangladesh,BGD.2_1,Chittagong,NA,BGD.2.4_1,Chittagong,NA,Bakalia,NA,NA,Upazilla,Upazilla,201510,NA,91.81249999999893,22.3708333333336,,
117,643849.0,SSP3,2050,BGD.2.4.2_1,BGD,Bangladesh,BGD.2_1,Chittagong,NA,BGD.2.4_1,Chittagong,NA,Bakalia,NA,NA,Upazilla,Upazilla,201510,NA,91.82083333333227,22.3708333333336,,
118,1462026.0,SSP3,2050,BGD.2.4.2_1,BGD,Bangladesh,BGD.2_1,Chittagong,NA,BGD.2.4_1,Chittagong,NA,Bakalia,NA,NA,Upazilla,Upazilla,201510,NA,91.82916666666559,22.3708333333336,,
119,1563157.0,SSP3,2050,BGD.2.4.2_1,BGD,Bangladesh,BGD.2_1,Chittagong,NA,BGD.2.4_1,Chittagong,NA,Bakalia,NA,NA,Upazilla,Upazilla,201510,NA,91.83749999999893,22.3708333333336,,
120,347347.0,SSP3,2050,BGD.2.4.2_1,BGD,Bangladesh,BGD.2_1,Chittagong,NA,BGD.2.4_1,Chittagong,NA,Bakalia,NA,NA,Upazilla,Upazilla,201510,NA,91.84583333333227,22.3708333333336,,
121,357716.0,SSP3,2050,BGD.2.4.2_1,BGD,Bangladesh,BGD.2_1,Chittagong,NA,BGD.2.4_1,Chittagong,NA,Bakalia,NA,NA,Upazilla,Upazilla,201510,NA,91.85416666666558,22.3708333333336,,
122,344148.0,SSP3,2050,BGD.2.4.2_1,BGD,Bangladesh,BGD.2_1,Chittagong,NA,BGD.2.4_1,Chittagong,NA,Bakalia,NA,NA,Upazilla,Upazilla,201510,NA,91.86249999999892,22.3708333333336,,
123,162199.0,SSP3,2050,BGD.2.4.2_1,BGD,Bangladesh,BGD.2_1,Chittagong,NA,BGD.2.4_1,Chittagong,NA,Bakalia,NA,NA,Upazilla,Upazilla,201510,NA,91.87083333333227,22.3708333333336,,
124,6203.0,SSP3,2050,BGD.2.4.2_1,BGD,Bangladesh,BGD.2_1,Chittagong,NA,BGD.2.4_1,Chittagong,NA,Bakalia,NA,NA,Upazilla,Upazilla,201510,NA,91.87771624216974,22.371111891558552,,
125,148688.0,SSP3,2050,BGD.2.4.2_1,BGD,Bangladesh,BGD.2_1,Chittagong,NA,BGD.2.4_1,Chittagong,NA,Bakalia,NA,NA,Upazilla,Upazilla,201510,NA,91.76249999999892,22.362500000000267,,
126,236319.0,SSP3,2050,BGD.2.4.2_1,BGD,Bangladesh,BGD.2_1,Chittagong,NA,BGD.2.4_1,Chittagong,NA,Bakalia,NA,NA,Upazilla,Upazilla,201510,NA,91.77083333333225,22.362500000000264,,
127,304052.0,SSP3,2050,BGD.2.4.2_1,BGD,Bangladesh,BGD.2_1,Chittagong,NA,BGD.2.4_1,Chittagong,NA,Bakalia,NA,NA,Upazilla,Upazilla,201510,NA,91.77916666666559,22.362500000000267,,
128,746210.0,SSP3,2050,BGD.2.4.2_1,BGD,Bangladesh,BGD.2_1,Chittagong,NA,BGD.2.4_1,Chittagong,NA,Bakalia,NA,NA,Upazilla,Upazilla,201510,NA,91.78749999999893,22.362500000000264,,
129,429437.0,SSP3,2050,BGD.2.4.2_1,BGD,Bangladesh,BGD.2_1,Chittagong,NA,BGD.2.4_1,Chittagong,NA,Bakalia,NA,NA,Upazilla,Upazilla,201510,NA,91.79583333333225,22.362500000000267,,
130,802396.0,SSP3,2050,BGD.2.4.2_1,BGD,Bangladesh,BGD.2_1,Chittagong,NA,BGD.2.4_1,Chittagong,NA,Bakalia,NA,NA,Upazilla,Upazilla,201510,NA,91.80416666666561,22.362500000000264,,
131,445780.0,SSP3,2050,BGD.2.4.2_1,BGD,Bangladesh,BGD.2_1,Chittagong,NA,BGD.2.4_1,Chittagong,NA,Bakalia,NA,NA,Upazilla,Upazilla,201510,NA,91.81249999999892,22.362500000000267,,
132,1048098.0,SSP3,2050,BGD.2.4.2_1,BGD,Bangladesh,BGD.2_1,Chittagong,NA,BGD.2.4_1,Chittagong,NA,Bakalia,NA,NA,Upazilla,Upazilla,201510,NA,91.82083333333226,22.362500000000264,,
133,1541594.0,SSP3,2050,BGD.2.4.2_1,BGD,Bangladesh,BGD.2_1,Chittagong,NA,BGD.2.4_1,Chittagong,NA,Bakalia,NA,NA,Upazilla,Upazilla,201510,NA,91.82916666666559,22.362500000000267,,
134,943319.0,SSP3,2050,BGD.2.4.2_1,BGD,Bangladesh,BGD.2_1,Chittagong,NA,BGD.2.4_1,Chittagong,NA,Bakalia,NA,NA,Upazilla,Upazilla,201510,NA,91.83749999999894,22.362500000000264,,
135,589861.0,SSP3,2050,BGD.2.4.2_1,BGD,Bangladesh,BGD.2_1,Chittagong,NA,BGD.2.4_1,Chittagong,NA,Bakalia,NA,NA,Upazilla,Upazilla,201510,NA,91.84583333333225,22.362500000000267,,
136,1127303.0,SSP3,2050,BGD.2.4.2_1,BGD,Bangladesh,BGD.2_1,Chittagong,NA,BGD.2.4_1,Chittagong,NA,Bakalia,NA,NA,Upazilla,Upazilla,201510,NA,91.85416666666558,22.362500000000264,,
137,1003355.0,SSP3,2050,BGD.2.4.2_1,BGD,Bangladesh,BGD.2_1,Chittagong,NA,BGD.2.4_1,Chittagong,NA,Bakalia,NA,NA,Upazilla,Upazilla,201510,NA,91.86249999999895,22.362500000000267,,
138,832383.0,SSP3,2050,BGD.2.4.2_1,BGD,Bangladesh,BGD.2_1,Chittagong,NA,BGD.2.4_1,Chittagong,NA,Bakalia,NA,NA,Upazilla,Upazilla,201510,NA,91.87083333333227,22.362500000000264,,
139,42548.0,SSP3,2050,BGD.2.4.2_1,BGD,Bangladesh,BGD.2_1,Chittagong,NA,BGD.2.4_1,Chittagong,NA,Bakalia,NA,NA,Upazilla,Upazilla,201510,NA,91.76249999999892,22.35416666666693,,
140,288191.0,SSP3,2050,BGD.2.4.2_1,BGD,Bangladesh,BGD.2_1,Chittagong,NA,BGD.2.4_1,Chittagong,NA,Bakalia,NA,NA,Upazilla,Upazilla,201510,NA,91.77083333333225,22.354166666666934,,
141,430326.0,SSP3,2050,BGD.2.4.2_1,BGD,Bangladesh,BGD.2_1,Chittagong,NA,BGD.2.4_1,Chittagong,NA,Bakalia,NA,NA,Upazilla,Upazilla,201510,NA,91.77916666666559,22.35416666666693,,
142,529610.0,SSP3,2050,BGD.2.4.2_1,BGD,Bangladesh,BGD.2_1,Chittagong,NA,BGD.2.4_1,Chittagong,NA,Bakalia,NA,NA,Upazilla,Upazilla,201510,NA,91.78749999999893,22.354166666666934,,
143,436337.0,SSP3,2050,BGD.2.4.2_1,BGD,Bangladesh,BGD.2_1,Chittagong,NA,BGD.2.4_1,Chittagong,NA,Bakalia,NA,NA,Upazilla,Upazilla,201510,NA,91.79583333333225,22.35416666666693,,
144,472689.0,SSP3,2050,BGD.2.4.2_1,BGD,Bangladesh,BGD.2_1,Chittagong,NA,BGD.2.4_1,Chittagong,NA,Bakalia,NA,NA,Upazilla,Upazilla,201510,NA,91.80416666666561,22.354166666666934,,
145,475756.0,SSP3,2050,BGD.2.4.2_1,BGD,Bangladesh,BGD.2_1,Chittagong,NA,BGD.2.4_1,Chittagong,NA,Bakalia,NA,NA,Upazilla,Upazilla,201510,NA,91.81249999999892,22.35416666666693,,
146,1103577.0,SSP3,2050,BGD.2.4.2_1,BGD,Bangladesh,BGD.2_1,Chittagong,NA,BGD.2.4_1,Chittagong,NA,Bakalia,NA,NA,Upazilla,Upazilla,201510,NA,91.82083333333226,22.354166666666934,,
147,1009520.0,SSP3,2050,BGD.2.4.2_1,BGD,Bangladesh,BGD.2_1,Chittagong,NA,BGD.2.4_1,Chittagong,NA,Bakalia,NA,NA,Upazilla,Upazilla,201510,NA,91.82916666666559,22.35416666666693,,
148,977219.0,SSP3,2050,BGD.2.4.2_1,BGD,Bangladesh,BGD.2_1,Chittagong,NA,BGD.2.4_1,Chittagong,NA,Bakalia,NA,NA,Upazilla,Upazilla,201510,NA,91.83749999999894,22.354166666666934,,
149,647503.0,SSP3,2050,BGD.2.4.2_1,BGD,Bangladesh,BGD.2_1,Chittagong,NA,BGD.2.4_1,Chittagong,NA,Bakalia,NA,NA,Upazilla,Upazilla,201510,NA,91.84583333333225,22.35416666666693,,
150,1023326.0,SSP3,2050,BGD.2.4.2_1,BGD,Bangladesh,BGD.2_1,Chittagong,NA,BGD.2.4_1,Chittagong,NA,Bakalia,NA,NA,Upazilla,Upazilla,201510,NA,91.85416666666558,22.354166666666934,,
151,1013713.0,SSP3,2050,BGD.2.4.2_1,BGD,Bangladesh,BGD.2_1,Chittagong,NA,BGD.2.4_1,Chittagong,NA,Bakalia,NA,NA,Upazilla,Upazilla,201510,NA,91.86249999999895,22.35416666666693,,
152,207678.0,SSP3,2050,BGD.2.4.2_1,BGD,Bangladesh,BGD.2_1,Chittagong,NA,BGD.2.4_1,Chittagong,NA,Bakalia,NA,NA,Upazilla,Upazilla,201510,NA,91.87065701995624,22.354301805348857,,
153,32156.0,SSP3,2050,BGD.2.4.2_1,BGD,Bangladesh,BGD.2_1,Chittagong,NA,BGD.2.4_1,Chittagong,NA,Bakalia,NA,NA,Upazilla,Upazilla,201510,NA,91.76249999999892,22.345833333333598,,
154,577172.0,SSP3,2050,BGD.2.4.2_1,BGD,Bangladesh,BGD.2_1,Chittagong,NA,BGD.2.4_1,Chittagong,NA,Bakalia,NA,NA,Upazilla,Upazilla,201510,NA,91.77083333333225,22.345833333333594,,
155,422114.0,SSP3,2050,BGD.2.4.2_1,BGD,Bangladesh,BGD.2_1,Chittagong,NA,BGD.2.4_1,Chittagong,NA,Bakalia,NA,NA,Upazilla,Upazilla,201510,NA,91.77916666666559,22.345833333333598,,
156,553027.0,SSP3,2050,BGD.2.4.2_1,BGD,Bangladesh,BGD.2_1,Chittagong,NA,BGD.2.4_1,Chittagong,NA,Bakalia,NA,NA,Upazilla,Upazilla,201510,NA,91.78749999999893,22.345833333333594,,
157,583410.0,SSP3,2050,BGD.2.4.2_1,BGD,Bangladesh,BGD.2_1,Chittagong,NA,BGD.2.4_1,Chittagong,NA,Bakalia,NA,NA,Upazilla,Upazilla,201510,NA,91.79583333333225,22.345833333333598,,
158,969823.0,SSP3,2050,BGD.2.4.2_1,BGD,Bangladesh,BGD.2_1,Chittagong,NA,BGD.2.4_1,Chittagong,NA,Bakalia,NA,NA,Upazilla,Upazilla,201510,NA,91.80416666666561,22.345833333333594,,
159,474624.0,SSP3,2050,BGD.2.4.2_1,BGD,Bangladesh,BGD.2_1,Chittagong,NA,BGD.2.4_1,Chittagong,NA,Bakalia,NA,NA,Upazilla,Upazilla,201510,NA,91.81249999999892,22.345833333333598,,
160,606941.0,SSP3,2050,BGD.2.4.2_1,BGD,Bangladesh,BGD.2_1,Chittagong,NA,BGD.2.4_1,Chittagong,NA,Bakalia,NA,NA,Upazilla,Upazilla,201510,NA,91.82083333333226,22.345833333333594,,
161,737809.0,SSP3,2050,BGD.2.4.2_1,BGD,Bangladesh,BGD.2_1,Chittagong,NA,BGD.2.4_1,Chittagong,NA,Bakalia,NA,NA,Upazilla,Upazilla,201510,NA,91.82916666666559,22.345833333333598,,
162,1341998.0,SSP3,2050,BGD.2.4.2_1,BGD,Bangladesh,BGD.2_1,Chittagong,NA,BGD.2.4_1,Chittagong,NA,Bakalia,NA,NA,Upazilla,Upazilla,201510,NA,91.83749999999894,22.345833333333594,,
163,999196.0,SSP3,2050,BGD.2.4.2_1,BGD,Bangladesh,BGD.2_1,Chittagong,NA,BGD.2.4_1,Chittagong,NA,Bakalia,NA,NA,Upazilla,Upazilla,201510,NA,91.84583333333225,22.345833333333598,,
164,1553047.0,SSP3,2050,BGD.2.4.2_1,BGD,Bangladesh,BGD.2_1,Chittagong,NA,BGD.2.4_1,Chittagong,NA,Bakalia,NA,NA,Upazilla,Upazilla,201510,NA,91.85416666666558,22.345833333333594,,
165,693554.0,SSP3,2050,BGD.2.4.2_1,BGD,Bangladesh,BGD.2_1,Chittagong,NA,BGD.2.4_1,Chittagong,NA,Bakalia,NA,NA,Upazilla,Upazilla,201510,NA,91.86249999999895,22.345833333333598,,
166,15167.0,SSP3,2050,BGD.2.4.2_1,BGD,Bangladesh,BGD.2_1,Chittagong,NA,BGD.2.4_1,Chittagong,NA,Bakalia,NA,NA,Upazilla,Upazilla,201510,NA,91.76249999999892,22.33750000000027,,
167,435211.0,SSP3,2050,BGD.2.4.2_1,BGD,Bangladesh,BGD.2_1,Chittagong,NA,BGD.2.4_1,Chittagong,NA,Bakalia,NA,NA,Upazilla,Upazilla,201510,NA,91.77083333333225,22.33750000000026,,
168,322955.0,SSP3,2050,BGD.2.4.2_1,BGD,Bangladesh,BGD.2_1,Chittagong,NA,BGD.2.4_1,Chittagong,NA,Bakalia,NA,NA,Upazilla,Upazilla,201510,NA,91.77916666666559,22.33750000000027,,
169,318207.0,SSP3,2050,BGD.2.4.2_1,BGD,Bangladesh,BGD.2_1,Chittagong,NA,BGD.2.4_1,Chittagong,NA,Bakalia,NA,NA,Upazilla,Upazilla,201510,NA,91.78749999999893,22.33750000000026,,
170,608389.0,SSP3,2050,BGD.2.4.2_1,BGD,Bangladesh,BGD.2_1,Chittagong,NA,BGD.2.4_1,Chittagong,NA,Bakalia,NA,NA,Upazilla,Upazilla,201510,NA,91.79583333333225,22.33750000000027,,
171,443901.0,SSP3,2050,BGD.2.4.2_1,BGD,Bangladesh,BGD.2_1,Chittagong,NA,BGD.2.4_1,Chittagong,NA,Bakalia,NA,NA,Upazilla,Upazilla,201510,NA,91.80416666666561,22.33750000000026,,
172,1477154.0,SSP3,2050,BGD.2.4.2_1,BGD,Bangladesh,BGD.2_1,Chittagong,NA,BGD.2.4_1,Chittagong,NA,Bakalia,NA,NA,Upazilla,Upazilla,201510,NA,91.81249999999892,22.33750000000027,,
173,1785115.0,SSP3,2050,BGD.2.4.2_1,BGD,Bangladesh,BGD.2_1,Chittagong,NA,BGD.2.4_1,Chittagong,NA,Bakalia,NA,NA,Upazilla,Upazilla,201510,NA,91.82083333333226,22.33750000000026,,
174,1120093.0,SSP3,2050,BGD.2.4.2_1,BGD,Bangladesh,BGD.2_1,Chittagong,NA,BGD.2.4_1,Chittagong,NA,Bakalia,NA,NA,Upazilla,Upazilla,201510,NA,91.82916666666559,22.33750000000027,,
175,1120113.0,SSP3,2050,BGD.2.4.2_1,BGD,Bangladesh,BGD.2_1,Chittagong,NA,BGD.2.4_1,Chittagong,NA,Bakalia,NA,NA,Upazilla,Upazilla,201510,NA,91.83749999999894,22.33750000000026,,
176,958104.0,SSP3,2050,BGD.2.4.2_1,BGD,Bangladesh,BGD.2_1,Chittagong,NA,BGD.2.4_1,Chittagong,NA,Bakalia,NA,NA,Upazilla,Upazilla,201510,NA,91.84583333333225,22.33750000000027,,
177,701066.0,SSP3,2050,BGD.2.4.2_1,BGD,Bangladesh,BGD.2_1,Chittagong,NA,BGD.2.4_1,Chittagong,NA,Bakalia,NA,NA,Upazilla,Upazilla,201510,NA,91.85416666666558,22.33750000000026,,
178,65712.0,SSP3,2050,BGD.2.4.2_1,BGD,Bangladesh,BGD.2_1,Chittagong,NA,BGD.2.4_1,Chittagong,NA,Bakalia,NA,NA,Upazilla,Upazilla,201510,NA,91.86249999999895,22.33750000000027,,
179,139125.0,SSP3,2050,BGD.2.4.2_1,BGD,Bangladesh,BGD.2_1,Chittagong,NA,BGD.2.4_1,Chittagong,NA,Bakalia,NA,NA,Upazilla,Upazilla,201510,NA,91.77083333333225,22.329166666666936,,
180,312008.0,SSP3,2050,BGD.2.4.2_1,BGD,Bangladesh,BGD.2_1,Chittagong,NA,BGD.2.4_1,Chittagong,NA,Bakalia,NA,NA,Upazilla,Upazilla,201510,NA,91.77916666666559,22.329166666666936,,
181,289945.0,SSP3,2050,BGD.2.4.2_1,BGD,Bangladesh,BGD.2_1,Chittagong,NA,BGD.2.4_1,Chittagong,NA,Bakalia,NA,NA,Upazilla,Upazilla,201510,NA,91.78749999999893,22.329166666666936,,
182,321040.0,SSP3,2050,BGD.2.4.2_1,BGD,Bangladesh,BGD.2_1,Chittagong,NA,BGD.2.4_1,Chittagong,NA,Bakalia,NA,NA,Upazilla,Upazilla,201510,NA,91.79583333333225,22.329166666666936,,
183,462057.0,SSP3,2050,BGD.2.4.2_1,BGD,Bangladesh,BGD.2_1,Chittagong,NA,BGD.2.4_1,Chittagong,NA,Bakalia,NA,NA,Upazilla,Upazilla,201510,NA,91.80416666666561,22.329166666666936,,
184,2877896.0,SSP3,2050,BGD.2.4.2_1,BGD,Bangladesh,BGD.2_1,Chittagong,NA,BGD.2.4_1,Chittagong,NA,Bakalia,NA,NA,Upazilla,Upazilla,201510,NA,91.81249999999892,22.329166666666936,,
185,3868153.0,SSP3,2050,BGD.2.4.2_1,BGD,Bangladesh,BGD.2_1,Chittagong,NA,BGD.2.4_1,Chittagong,NA,Bakalia,NA,NA,Upazilla,Upazilla,201510,NA,91.82083333333226,22.329166666666936,,
186,3167607.0,SSP3,2050,BGD.2.4.2_1,BGD,Bangladesh,BGD.2_1,Chittagong,NA,BGD.2.4_1,Chittagong,NA,Bakalia,NA,NA,Upazilla,Upazilla,201510,NA,91.82916666666559,22.329166666666936,,
187,658426.0,SSP3,2050,BGD.2.4.2_1,BGD,Bangladesh,BGD.2_1,Chittagong,NA,BGD.2.4_1,Chittagong,NA,Bakalia,NA,NA,Upazilla,Upazilla,201510,NA,91.83749999999894,22.329166666666936,,
188,407967.0,SSP3,2050,BGD.2.4.2_1,BGD,Bangladesh,BGD.2_1,Chittagong,NA,BGD.2.4_1,Chittagong,NA,Bakalia,NA,NA,Upazilla,Upazilla,201510,NA,91.84583333333225,22.329166666666936,,
189,91162.0,SSP3,2050,BGD.2.4.2_1,BGD,Bangladesh,BGD.2_1,Chittagong,NA,BGD.2.4_1,Chittagong,NA,Bakalia,NA,NA,Upazilla,Upazilla,201510,NA,91.77083333333225,22.320833333333603,,
190,151182.0,SSP3,2050,BGD.2.4.2_1,BGD,Bangladesh,BGD.2_1,Chittagong,NA,BGD.2.4_1,Chittagong,NA,Bakalia,NA,NA,Upazilla,Upazilla,201510,NA,91.77916666666559,22.320833333333603,,
191,218379.0,SSP3,2050,BGD.2.4.2_1,BGD,Bangladesh,BGD.2_1,Chittagong,NA,BGD.2.4_1,Chittagong,NA,Bakalia,NA,NA,Upazilla,Upazilla,201510,NA,91.78749999999893,22.320833333333603,,
192,214297.0,SSP3,2050,BGD.2.4.2_1,BGD,Bangladesh,BGD.2_1,Chittagong,NA,BGD.2.4_1,Chittagong,NA,Bakalia,NA,NA,Upazilla,Upazilla,201510,NA,91.79583333333225,22.320833333333603,,
193,342457.0,SSP3,2050,BGD.2.4.2_1,BGD,Bangladesh,BGD.2_1,Chittagong,NA,BGD.2.4_1,Chittagong,NA,Bakalia,NA,NA,Upazilla,Upazilla,201510,NA,91.80416666666561,22.320833333333603,,
194,1606037.0,SSP3,2050,BGD.2.4.2_1,BGD,Bangladesh,BGD.2_1,Chittagong,NA,BGD.2.4_1,Chittagong,NA,Bakalia,NA,NA,Upazilla,Upazilla,201510,NA,91.81249999999892,22.320833333333603,,
195,435911.0,SSP3,2050,BGD.2.4.2_1,BGD,Bangladesh,BGD.2_1,Chittagong,NA,BGD.2.4_1,Chittagong,NA,Bakalia,NA,NA,Upazilla,Upazilla,201510,NA,91.82083333333226,22.320833333333603,,
196,68048.0,SSP3,2050,BGD.2.4.2_1,BGD,Bangladesh,BGD.2_1,Chittagong,NA,BGD.2.4_1,Chittagong,NA,Bakalia,NA,NA,Upazilla,Upazilla,201510,NA,91.82909243687662,22.320931055583433,,
197,47920.0,SSP3,2050,BGD.2.4.2_1,BGD,Bangladesh,BGD.2_1,Chittagong,NA,BGD.2.4_1,Chittagong,NA,Bakalia,NA,NA,Upazilla,Upazilla,201510,NA,91.83726901445492,22.321801552160142,,
198,43426.0,SSP3,2050,BGD.2.4.2_1,BGD,Bangladesh,BGD.2_1,Chittagong,NA,BGD.2.4_1,Chittagong,NA,Bakalia,NA,NA,Upazilla,Upazilla,201510,NA,91.77083333333225,22.312500000000263,,
199,271118.0,SSP3,2050,BGD.2.4.2_1,BGD,Bangladesh,BGD.2_1,Chittagong,NA,BGD.2.4_1,Chittagong,NA,Bakalia,NA,NA,Upazilla,Upazilla,201510,NA,91.77916666666559,22.312500000000266,,
200,275481.0,SSP3,2050,BGD.2.4.2_1,BGD,Bangladesh,BGD.2_1,Chittagong,NA,BGD.2.4_1,Chittagong,NA,Bakalia,NA,NA,Upazilla,Upazilla,201510,NA,91.78749999999893,22.312500000000263,,
201,323362.0,SSP3,2050,BGD.2.4.2_1,BGD,Bangladesh,BGD.2_1,Chittagong,NA,BGD.2.4_1,Chittagong,NA,Bakalia,NA,NA,Upazilla,Upazilla,201510,NA,91.79583333333225,22.312500000000266,,
202,266805.0,SSP3,2050,BGD.2.4.2_1,BGD,Bangladesh,BGD.2_1,Chittagong,NA,BGD.2.4_1,Chittagong,NA,Bakalia,NA,NA,Upazilla,Upazilla,201510,NA,91.80416666666561,22.312500000000263,,
203,37166.0,SSP3,2050,BGD.2.4.2_1,BGD,Bangladesh,BGD.2_1,Chittagong,NA,BGD.2.4_1,Chittagong,NA,Bakalia,NA,NA,Upazilla,Upazilla,201510,NA,91.81245725970594,22.31254473088145,,
204,33837.0,SSP3,2050,BGD.2.4.2_1,BGD,Bangladesh,BGD.2_1,Chittagong,NA,BGD.2.4_1,Chittagong,NA,Bakalia,NA,NA,Upazilla,Upazilla,201510,NA,91.82001572770149,22.314117588288912,,
205,45688.0,SSP3,2050,BGD.2.4.2_1,BGD,Bangladesh,BGD.2_1,Chittagong,NA,BGD.2.4_1,Chittagong,NA,Bakalia,NA,NA,Upazilla,Upazilla,201510,NA,91.77083333333226,22.30416666666693,,
206,1018826.0,SSP3,2050,BGD.2.4.2_1,BGD,Bangladesh,BGD.2_1,Chittagong,NA,BGD.2.4_1,Chittagong,NA,Bakalia,NA,NA,Upazilla,Upazilla,201510,NA,91.77916666666559,22.30416666666693,,
207,660621.0,SSP3,2050,BGD.2.4.2_1,BGD,Bangladesh,BGD.2_1,Chittagong,NA,BGD.2.4_1,Chittagong,NA,Bakalia,NA,NA,Upazilla,Upazilla,201510,NA,91.78749999999891,22.30416666666693,,
208,198285.0,SSP3,2050,BGD.2.4.2_1,BGD,Bangladesh,BGD.2_1,Chittagong,NA,BGD.2.4_1,Chittagong,NA,Bakalia,NA,NA,Upazilla,Upazilla,201510,NA,91.79583333333227,22.30416666666693,,
209,16160.0,SSP3,2050,BGD.2.4.2_1,BGD,Bangladesh,BGD.2_1,Chittagong,NA,BGD.2.4_1,Chittagong,NA,Bakalia,NA,NA,Upazilla,Upazilla,201510,NA,91.80380464828403,22.3045229170001,,
210,38451.0,SSP3,2050,BGD.2.4.2_1,BGD,Bangladesh,BGD.2_1,Chittagong,NA,BGD.2.4_1,Chittagong,NA,Bakalia,NA,NA,Upazilla,Upazilla,201510,NA,91.77083333333225,22.295833333333594,,
211,146878.0,SSP3,2050,BGD.2.4.2_1,BGD,Bangladesh,BGD.2_1,Chittagong,NA,BGD.2.4_1,Chittagong,NA,Bakalia,NA,NA,Upazilla,Upazilla,201510,NA,91.77916666666559,22.295833333333597,,
212,1041951.0,SSP3,2050,BGD.2.4.2_1,BGD,Bangladesh,BGD.2_1,Chittagong,NA,BGD.2.4_1,Chittagong,NA,Bakalia,NA,NA,Upazilla,Upazilla,201510,NA,91.78749999999893,22.295833333333594,,
213,19545.0,SSP3,2050,BGD.2.4.2_1,BGD,Bangladesh,BGD.2_1,Chittagong,NA,BGD.2.4_1,Chittagong,NA,Bakalia,NA,NA,Upazilla,Upazilla,201510,NA,91.79583333333225,22.295833333333597,,
214,39988.0,SSP3,2050,BGD.2.4.2_1,BGD,Bangladesh,BGD.2_1,Chittagong,NA,BGD.2.4_1,Chittagong,NA,Bakalia,NA,NA,Upazilla,Upazilla,201510,NA,91.77083333333225,22.287500000000268,,
215,163068.0,SSP3,2050,BGD.2.4.2_1,BGD,Bangladesh,BGD.2_1,Chittagong,NA,BGD.2.4_1,Chittagong,NA,Bakalia,NA,NA,Upazilla,Upazilla,201510,NA,91.77916666666559,22.287500000000268,,
216,778870.0,SSP3,2050,BGD.2.4.2_1,BGD,Bangladesh,BGD.2_1,Chittagong,NA,BGD.2.4_1,Chittagong,NA,Bakalia,NA,NA,Upazilla,Upazilla,201510,NA,91.78749999999893,22.287500000000268,,
217,22295.0,SSP3,2050,BGD.2.4.2_1,BGD,Bangladesh,BGD.2_1,Chittagong,NA,BGD.2.4_1,Chittagong,NA,Bakalia,NA,NA,Upazilla,Upazilla,201510,NA,91.79583333333225,22.287500000000268,,
218,53199.0,SSP3,2050,BGD.2.4.2_1,BGD,Bangladesh,BGD.2_1,Chittagong,NA,BGD.2.4_1,Chittagong,NA,Bakalia,NA,NA,Upazilla,Upazilla,201510,NA,91.77083333333225,22.279166666666928,,
219,297928.0,SSP3,2050,BGD.2.4.2_1,BGD,Bangladesh,BGD.2_1,Chittagong,NA,BGD.2.4_1,Chittagong,NA,Bakalia,NA,NA,Upazilla,Upazilla,201510,NA,91.77916666666559,22.279166666666935,,
220,477431.0,SSP3,2050,BGD.2.4.2_1,BGD,Bangladesh,BGD.2_1,Chittagong,NA,BGD.2.4_1,Chittagong,NA,Bakalia,NA,NA,Upazilla,Upazilla,201510,NA,91.78749999999893,22.279166666666928,,
221,40409.0,SSP3,2050,BGD.2.4.2_1,BGD,Bangladesh,BGD.2_1,Chittagong,NA,BGD.2.4_1,Chittagong,NA,Bakalia,NA,NA,Upazilla,Upazilla,201510,NA,91.79583333333225,22.279166666666935,,
222,13613.0,SSP3,2050,BGD.2.4.2_1,BGD,Bangladesh,BGD.2_1,Chittagong,NA,BGD.2.4_1,Chittagong,NA,Bakalia,NA,NA,Upazilla,Upazilla,201510,NA,91.80382169571845,22.27875887351667,,
223,6191.0,SSP3,2050,BGD.2.4.2_1,BGD,Bangladesh,BGD.2_1,Chittagong,NA,BGD.2.4_1,Chittagong,NA,Bakalia,NA,NA,Upazilla,Upazilla,201510,NA,91.77083333333225,22.2708333333336,,
224,154521.0,SSP3,2050,BGD.2.4.2_1,BGD,Bangladesh,BGD.2_1,Chittagong,NA,BGD.2.4_1,Chittagong,NA,Bakalia,NA,NA,Upazilla,Upazilla,201510,NA,91.77916666666559,22.2708333333336,,
225,259242.0,SSP3,2050,BGD.2.4.2_1,BGD,Bangladesh,BGD.2_1,Chittagong,NA,BGD.2.4_1,Chittagong,NA,Bakalia,NA,NA,Upazilla,Upazilla,201510,NA,91.78749999999893,22.2708333333336,,
226,174727.0,SSP3,2050,BGD.2.4.2_1,BGD,Bangladesh,BGD.2_1,Chittagong,NA,BGD.2.4_1,Chittagong,NA,Bakalia,NA,NA,Upazilla,Upazilla,201510,NA,91.79583333333225,22.2708333333336,,
227,113373.0,SSP3,2050,BGD.2.4.2_1,BGD,Bangladesh,BGD.2_1,Chittagong,NA,BGD.2.4_1,Chittagong,NA,Bakalia,NA,NA,Upazilla,Upazilla,201510,NA,91.80416666666561,22.2708333333336,,
228,25012.0,SSP3,2050,BGD.2.4.2_1,BGD,Bangladesh,BGD.2_1,Chittagong,NA,BGD.2.4_1,Chittagong,NA,Bakalia,NA,NA,Upazilla,Upazilla,201510,NA,91.81249999999892,22.2708333333336,,
229,17785.0,SSP3,2050,BGD.2.4.2_1,BGD,Bangladesh,BGD.2_1,Chittagong,NA,BGD.2.4_1,Chittagong,NA,Bakalia,NA,NA,Upazilla,Upazilla,201510,NA,91.82083333333226,22.2708333333336,,
230,11672.0,SSP3,2050,BGD.2.4.2_1,BGD,Bangladesh,BGD.2_1,Chittagong,NA,BGD.2.4_1,Chittagong,NA,Bakalia,NA,NA,Upazilla,Upazilla,201510,NA,91.77128338497769,22.26297265505529,,
231,105095.0,SSP3,2050,BGD.2.4.2_1,BGD,Bangladesh,BGD.2_1,Chittagong,NA,BGD.2.4_1,Chittagong,NA,Bakalia,NA,NA,Upazilla,Upazilla,201510,NA,91.77916666666559,22.262500000000262,,
232,134878.0,SSP3,2050,BGD.2.4.2_1,BGD,Bangladesh,BGD.2_1,Chittagong,NA,BGD.2.4_1,Chittagong,NA,Bakalia,NA,NA,Upazilla,Upazilla,201510,NA,91.78749999999893,22.262500000000266,,
233,30197950.0,SSP3,2050,BGD.2.4.2_1,BGD,Bangladesh,BGD.2_1,Chittagong,NA,BGD.2.4_1,Chittagong,NA,Bakalia,NA,NA,Upazilla,Upazilla,201510,NA,91.79583333333225,22.262500000000262,,
234,16705612.0,SSP3,2050,BGD.2.4.2_1,BGD,Bangladesh,BGD.2_1,Chittagong,NA,BGD.2.4_1,Chittagong,NA,Bakalia,NA,NA,Upazilla,Upazilla,201510,NA,91.80416666666561,22.262500000000266,,
235,117561.0,SSP3,2050,BGD.2.4.2_1,BGD,Bangladesh,BGD.2_1,Chittagong,NA,BGD.2.4_1,Chittagong,NA,Bakalia,NA,NA,Upazilla,Upazilla,201510,NA,91.81249999999892,22.262500000000262,,
236,83608.0,SSP3,2050,BGD.2.4.2_1,BGD,Bangladesh,BGD.2_1,Chittagong,NA,BGD.2.4_1,Chittagong,NA,Bakalia,NA,NA,Upazilla,Upazilla,201510,NA,91.82083333333226,22.262500000000266,,
237,78863.0,SSP3,2050,BGD.2.4.2_1,BGD,Bangladesh,BGD.2_1,Chittagong,NA,BGD.2.4_1,Chittagong,NA,Bakalia,NA,NA,Upazilla,Upazilla,201510,NA,91.82916666666559,22.262500000000262,,
238,52239.0,SSP3,2050,BGD.2.4.2_1,BGD,Bangladesh,BGD.2_1,Chittagong,NA,BGD.2.4_1,Chittagong,NA,Bakalia,NA,NA,Upazilla,Upazilla,201510,NA,91.77916666666559,22.25416666666693,,
239,162004.0,SSP3,2050,BGD.2.4.2_1,BGD,Bangladesh,BGD.2_1,Chittagong,NA,BGD.2.4_1,Chittagong,NA,Bakalia,NA,NA,Upazilla,Upazilla,201510,NA,91.78749999999893,22.254166666666933,,
240,16504746.0,SSP3,2050,BGD.2.4.2_1,BGD,Bangladesh,BGD.2_1,Chittagong,NA,BGD.2.4_1,Chittagong,NA,Bakalia,NA,NA,Upazilla,Upazilla,201510,NA,91.79583333333225,22.25416666666693,,
241,9707486.0,SSP3,2050,BGD.2.4.2_1,BGD,Bangladesh,BGD.2_1,Chittagong,NA,BGD.2.4_1,Chittagong,NA,Bakalia,NA,NA,Upazilla,Upazilla,201510,NA,91.80416666666561,22.254166666666933,,
242,162951.0,SSP3,2050,BGD.2.4.2_1,BGD,Bangladesh,BGD.2_1,Chittagong,NA,BGD.2.4_1,Chittagong,NA,Bakalia,NA,NA,Upazilla,Upazilla,201510,NA,91.81249999999892,22.25416666666693,,
243,95930.0,SSP3,2050,BGD.2.4.2_1,BGD,Bangladesh,BGD.2_1,Chittagong,NA,BGD.2.4_1,Chittagong,NA,Bakalia,NA,NA,Upazilla,Upazilla,201510,NA,91.82083333333226,22.254166666666933,,
244,82388.0,SSP3,2050,BGD.2.4.2_1,BGD,Bangladesh,BGD.2_1,Chittagong,NA,BGD.2.4_1,Chittagong,NA,Bakalia,NA,NA,Upazilla,Upazilla,201510,NA,91.82916666666559,22.25416666666693,,
245,60030.0,SSP3,2050,BGD.2.4.2_1,BGD,Bangladesh,BGD.2_1,Chittagong,NA,BGD.2.4_1,Chittagong,NA,Bakalia,NA,NA,Upazilla,Upazilla,201510,NA,91.78749999999893,22.245833333333604,,
246,125319.0,SSP3,2050,BGD.2.4.2_1,BGD,Bangladesh,BGD.2_1,Chittagong,NA,BGD.2.4_1,Chittagong,NA,Bakalia,NA,NA,Upazilla,Upazilla,201510,NA,91.79583333333225,22.245833333333596,,
247,47580.0,SSP3,2050,BGD.2.4.2_1,BGD,Bangladesh,BGD.2_1,Chittagong,NA,BGD.2.4_1,Chittagong,NA,Bakalia,NA,NA,Upazilla,Upazilla,201510,NA,91.80416666666561,22.245833333333604,,
248,170634.0,SSP3,2050,BGD.2.4.2_1,BGD,Bangladesh,BGD.2_1,Chittagong,NA,BGD.2.4_1,Chittagong,NA,Bakalia,NA,NA,Upazilla,Upazilla,201510,NA,91.81249999999892,22.245833333333596,,
249,136118.0,SSP3,2050,BGD.2.4.2_1,BGD,Bangladesh,BGD.2_1,Chittagong,NA,BGD.2.4_1,Chittagong,NA,Bakalia,NA,NA,Upazilla,Upazilla,201510,NA,91.82083333333226,22.245833333333604,,
250,0.0,SSP3,2050,BGD.2.4.2_1,BGD,Bangladesh,BGD.2_1,Chittagong,NA,BGD.2.4_1,Chittagong,NA,Bakalia,NA,NA,Upazilla,Upazilla,201510,NA,91.82916666666559,22.245833333333596,,
251,30656.0,SSP3,2050,BGD.2.4.2_1,BGD,Bangladesh,BGD.2_1,Chittagong,NA,BGD.2.4_1,Chittagong,NA,Bakalia,NA,NA,Upazilla,Upazilla,201510,NA,91.83622768400043,22.246027377659786,,
252,19284.0,SSP3,2050,BGD.2.4.2_1,BGD,Bangladesh,BGD.2_1,Chittagong,NA,BGD.2.4_1,Chittagong,NA,Bakalia,NA,NA,Upazilla,Upazilla,201510,NA,91.78783980802146,22.237760105979664,,
253,102604.0,SSP3,2050,BGD.2.4.2_1,BGD,Bangladesh,BGD.2_1,Chittagong,NA,BGD.2.4_1,Chittagong,NA,Bakalia,NA,NA,Upazilla,Upazilla,201510,NA,91.79583333333227,22.237500000000264,,
254,82267.0,SSP3,2050,BGD.2.4.2_1,BGD,Bangladesh,BGD.2_1,Chittagong,NA,BGD.2.4_1,Chittagong,NA,Bakalia,NA,NA,Upazilla,Upazilla,201510,NA,91.8041666666656,22.237500000000267,,
255,114848.0,SSP3,2050,BGD.2.4.2_1,BGD,Bangladesh,BGD.2_1,Chittagong,NA,BGD.2.4_1,Chittagong,NA,Bakalia,NA,NA,Upazilla,Upazilla,201510,NA,91.81249999999893,22.237500000000264,,
256,0.0,SSP3,2050,BGD.2.4.2_1,BGD,Bangladesh,BGD.2_1,Chittagong,NA,BGD.2.4_1,Chittagong,NA,Bakalia,NA,NA,Upazilla,Upazilla,201510,NA,91.82083333333227,22.237500000000267,,
257,28264.0,SSP3,2050,BGD.2.4.2_1,BGD,Bangladesh,BGD.2_1,Chittagong,NA,BGD.2.4_1,Chittagong,NA,Bakalia,NA,NA,Upazilla,Upazilla,201510,NA,91.82891696554661,22.237876961015463,,
258,0.0,SSP3,2050,BGD.2.4.2_1,BGD,Bangladesh,BGD.2_1,Chittagong,NA,BGD.2.4_1,Chittagong,NA,Bakalia,NA,NA,Upazilla,Upazilla,201510,NA,91.7959372621221,22.318710454240385,,
259,6187.0,SSP3,2050,BGD.2.4.2_1,BGD,Bangladesh,BGD.2_1,Chittagong,NA,BGD.2.4_1,Chittagong,NA,Bakalia,NA,NA,Upazilla,Upazilla,201510,NA,91.7958760028836,22.229206878912017,,
260,29587.0,SSP3,2050,BGD.2.4.2_1,BGD,Bangladesh,BGD.2_1,Chittagong,NA,BGD.2.4_1,Chittagong,NA,Bakalia,NA,NA,Upazilla,Upazilla,201510,NA,91.80412516697233,22.22921074272813,,
261,30132.0,SSP3,2050,BGD.2.4.2_1,BGD,Bangladesh,BGD.2_1,Chittagong,NA,BGD.2.4_1,Chittagong,NA,Bakalia,NA,NA,Upazilla,Upazilla,201510,NA,91.82022892968371,22.23004378890694,,
