,fathom,Scenario,Year,GID_3,GID_0,COUNTRY,GID_1,NAME_1,NL_NAME_1,GID_2,NAME_2,NL_NAME_2,NAME_3,VARNAME_3,NL_NAME_3,TYPE_3,ENGTYPE_3,CC_3,HASC_3,lon,lat,center_lon,center_lat
0,0.350500583648682,Fluvial Defended,10,BGD.2.4.2_1,BGD,Bangladesh,BGD.2_1,Chittagong,NA,BGD.2.4_1,Chittagong,NA,Bakalia,NA,NA,Upazilla,Upazilla,201510,NA,91.8808564126349,22.434823018276802,91.812379885626,22.353154446362975
1,0.265053033828735,Fluvial Defended,10,BGD.2.4.2_1,BGD,Bangladesh,BGD.2_1,Chittagong,NA,BGD.2.4_1,Chittagong,NA,Bakalia,NA,NA,Upazilla,Upazilla,201510,NA,91.88168252954893,22.434898934434862,,
2,0.413375377655029,Fluvial Defended,10,BGD.2.4.2_1,BGD,Bangladesh,BGD.2_1,Chittagong,NA,BGD.2.4_1,Chittagong,NA,Bakalia,NA,NA,Upazilla,Upazilla,201510,NA,91.8825038916579,22.43493615195054,,
3,0.466064453125,Fluvial Defended,10,BGD.2.4.2_1,BGD,Bangladesh,BGD.2_1,Chittagong,NA,BGD.2.4_1,Chittagong,NA,Bakalia,NA,NA,Upazilla,Upazilla,201510,NA,91.88333062428522,22.43494684520438,,
4,0.349828481674194,Fluvial Defended,10,BGD.2.4.2_1,BGD,Bangladesh,BGD.2_1,Chittagong,NA,BGD.2.4_1,Chittagong,NA,Bakalia,NA,NA,Upazilla,Upazilla,201510,NA,91.88415888578653,22.43491533888715,,
5,0.126337766647339,Fluvial Defended,10,BGD.2.4.2_1,BGD,Bangladesh,BGD.2_1,Chittagong,NA,BGD.2.4_1,Chittagong,NA,Bakalia,NA,NA,Upazilla,Upazilla,201510,NA,91.88499123730712,22.43487822212469,,
6,0.193976402282715,Fluvial Defended,10,BGD.2.4.2_1,BGD,Bangladesh,BGD.2_1,Chittagong,NA,BGD.2.4_1,Chittagong,NA,Bakalia,NA,NA,Upazilla,Upazilla,201510,NA,91.88582330527221,22.43484111800672,,
7,0.474736213684082,Fluvial Defended,10,BGD.2.4.2_1,BGD,Bangladesh,BGD.2_1,Chittagong,NA,BGD.2.4_1,Chittagong,NA,Bakalia,NA,NA,Upazilla,Upazilla,201510,NA,91.88665494610972,22.434804032935507,,
8,1.016759634017944,Fluvial Defended,10,BGD.2.4.2_1,BGD,Bangladesh,BGD.2_1,Chittagong,NA,BGD.2.4_1,Chittagong,NA,Bakalia,NA,NA,Upazilla,Upazilla,201510,NA,91.87838202455002,22.434028417032117,,
9,0.826553344726562,Fluvial Defended,10,BGD.2.4.2_1,BGD,Bangladesh,BGD.2_1,Chittagong,NA,BGD.2.4_1,Chittagong,NA,Bakalia,NA,NA,Upazilla,Upazilla,201510,NA,91.87917628271501,22.434154927038456,,
10,0.606067657470703,Fluvial Defended,10,BGD.2.4.2_1,BGD,Bangladesh,BGD.2_1,Chittagong,NA,BGD.2.4_1,Chittagong,NA,Bakalia,NA,NA,Upazilla,Upazilla,201510,NA,91.87999999999867,22.434166666911334,,
11,0.354197263717651,Fluvial Defended,10,BGD.2.4.2_1,BGD,Bangladesh,BGD.2_1,Chittagong,NA,BGD.2.4_1,Chittagong,NA,Bakalia,NA,NA,Upazilla,Upazilla,201510,NA,91.880833333332,22.434166666911334,,
12,0.311173677444458,Fluvial Defended,10,BGD.2.4.2_1,BGD,Bangladesh,BGD.2_1,Chittagong,NA,BGD.2.4_1,Chittagong,NA,Bakalia,NA,NA,Upazilla,Upazilla,201510,NA,91.88166666666534,22.434166666911334,,
13,0.41199517250061,Fluvial Defended,10,BGD.2.4.2_1,BGD,Bangladesh,BGD.2_1,Chittagong,NA,BGD.2.4_1,Chittagong,NA,Bakalia,NA,NA,Upazilla,Upazilla,201510,NA,91.88249999999869,22.434166666911334,,
14,0.327478170394897,Fluvial Defended,10,BGD.2.4.2_1,BGD,Bangladesh,BGD.2_1,Chittagong,NA,BGD.2.4_1,Chittagong,NA,Bakalia,NA,NA,Upazilla,Upazilla,201510,NA,91.88333333333202,22.434166666911334,,
15,0.131773710250854,Fluvial Defended,10,BGD.2.4.2_1,BGD,Bangladesh,BGD.2_1,Chittagong,NA,BGD.2.4_1,Chittagong,NA,Bakalia,NA,NA,Upazilla,Upazilla,201510,NA,91.88416666666535,22.434166666911334,,
16,0.0,Fluvial Defended,10,BGD.2.4.2_1,BGD,Bangladesh,BGD.2_1,Chittagong,NA,BGD.2.4_1,Chittagong,NA,Bakalia,NA,NA,Upazilla,Upazilla,201510,NA,91.88499999999867,22.434166666911334,,
17,0.032501697540283,Fluvial Defended,10,BGD.2.4.2_1,BGD,Bangladesh,BGD.2_1,Chittagong,NA,BGD.2.4_1,Chittagong,NA,Bakalia,NA,NA,Upazilla,Upazilla,201510,NA,91.885833333332,22.434166666911334,,
18,0.252110719680786,Fluvial Defended,10,BGD.2.4.2_1,BGD,Bangladesh,BGD.2_1,Chittagong,NA,BGD.2.4_1,Chittagong,NA,Bakalia,NA,NA,Upazilla,Upazilla,201510,NA,91.88666666666535,22.434166666911334,,
19,0.633125305175781,Fluvial Defended,10,BGD.2.4.2_1,BGD,Bangladesh,BGD.2_1,Chittagong,NA,BGD.2.4_1,Chittagong,NA,Bakalia,NA,NA,Upazilla,Upazilla,201510,NA,91.88749999999867,22.434166666911334,,
20,0.866496801376343,Fluvial Defended,10,BGD.2.4.2_1,BGD,Bangladesh,BGD.2_1,Chittagong,NA,BGD.2.4_1,Chittagong,NA,Bakalia,NA,NA,Upazilla,Upazilla,201510,NA,91.888333333332,22.434166666911334,,
21,0.942524671554565,Fluvial Defended,10,BGD.2.4.2_1,BGD,Bangladesh,BGD.2_1,Chittagong,NA,BGD.2.4_1,Chittagong,NA,Bakalia,NA,NA,Upazilla,Upazilla,201510,NA,91.88916666666533,22.434166666911334,,
22,0.831011533737183,Fluvial Defended,10,BGD.2.4.2_1,BGD,Bangladesh,BGD.2_1,Chittagong,NA,BGD.2.4_1,Chittagong,NA,Bakalia,NA,NA,Upazilla,Upazilla,201510,NA,91.88997966003366,22.43412759449197,,
23,1.258808851242065,Fluvial Defended,10,BGD.2.4.2_1,BGD,Bangladesh,BGD.2_1,Chittagong,NA,BGD.2.4_1,Chittagong,NA,Bakalia,NA,NA,Upazilla,Upazilla,201510,NA,91.8775522565343,22.433277902648367,,
24,1.099333763122559,Fluvial Defended,10,BGD.2.4.2_1,BGD,Bangladesh,BGD.2_1,Chittagong,NA,BGD.2.4_1,Chittagong,NA,Bakalia,NA,NA,Upazilla,Upazilla,201510,NA,91.87833333333202,22.433333333578,,
25,0.847764253616333,Fluvial Defended,10,BGD.2.4.2_1,BGD,Bangladesh,BGD.2_1,Chittagong,NA,BGD.2.4_1,Chittagong,NA,Bakalia,NA,NA,Upazilla,Upazilla,201510,NA,91.87916666666534,22.433333333578,,
26,0.710634231567383,Fluvial Defended,10,BGD.2.4.2_1,BGD,Bangladesh,BGD.2_1,Chittagong,NA,BGD.2.4_1,Chittagong,NA,Bakalia,NA,NA,Upazilla,Upazilla,201510,NA,91.87999999999867,22.433333333578,,
27,0.696087121963501,Fluvial Defended,10,BGD.2.4.2_1,BGD,Bangladesh,BGD.2_1,Chittagong,NA,BGD.2.4_1,Chittagong,NA,Bakalia,NA,NA,Upazilla,Upazilla,201510,NA,91.880833333332,22.433333333578,,
28,0.81781268119812,Fluvial Defended,10,BGD.2.4.2_1,BGD,Bangladesh,BGD.2_1,Chittagong,NA,BGD.2.4_1,Chittagong,NA,Bakalia,NA,NA,Upazilla,Upazilla,201510,NA,91.88166666666534,22.433333333578,,
29,0.889810562133789,Fluvial Defended,10,BGD.2.4.2_1,BGD,Bangladesh,BGD.2_1,Chittagong,NA,BGD.2.4_1,Chittagong,NA,Bakalia,NA,NA,Upazilla,Upazilla,201510,NA,91.88249999999869,22.433333333578,,
30,0.731000423431396,Fluvial Defended,10,BGD.2.4.2_1,BGD,Bangladesh,BGD.2_1,Chittagong,NA,BGD.2.4_1,Chittagong,NA,Bakalia,NA,NA,Upazilla,Upazilla,201510,NA,91.88333333333202,22.433333333578,,
31,0.54726767539978,Fluvial Defended,10,BGD.2.4.2_1,BGD,Bangladesh,BGD.2_1,Chittagong,NA,BGD.2.4_1,Chittagong,NA,Bakalia,NA,NA,Upazilla,Upazilla,201510,NA,91.88416666666535,22.433333333578,,
32,0.477959156036377,Fluvial Defended,10,BGD.2.4.2_1,BGD,Bangladesh,BGD.2_1,Chittagong,NA,BGD.2.4_1,Chittagong,NA,Bakalia,NA,NA,Upazilla,Upazilla,201510,NA,91.88499999999867,22.433333333578,,
33,0.559456348419189,Fluvial Defended,10,BGD.2.4.2_1,BGD,Bangladesh,BGD.2_1,Chittagong,NA,BGD.2.4_1,Chittagong,NA,Bakalia,NA,NA,Upazilla,Upazilla,201510,NA,91.885833333332,22.433333333578,,
34,0.622006893157959,Fluvial Defended,10,BGD.2.4.2_1,BGD,Bangladesh,BGD.2_1,Chittagong,NA,BGD.2.4_1,Chittagong,NA,Bakalia,NA,NA,Upazilla,Upazilla,201510,NA,91.88666666666535,22.433333333578,,
35,0.653861045837402,Fluvial Defended,10,BGD.2.4.2_1,BGD,Bangladesh,BGD.2_1,Chittagong,NA,BGD.2.4_1,Chittagong,NA,Bakalia,NA,NA,Upazilla,Upazilla,201510,NA,91.88749999999867,22.433333333578,,
36,0.690537452697754,Fluvial Defended,10,BGD.2.4.2_1,BGD,Bangladesh,BGD.2_1,Chittagong,NA,BGD.2.4_1,Chittagong,NA,Bakalia,NA,NA,Upazilla,Upazilla,201510,NA,91.888333333332,22.433333333578,,
37,0.616501331329346,Fluvial Defended,10,BGD.2.4.2_1,BGD,Bangladesh,BGD.2_1,Chittagong,NA,BGD.2.4_1,Chittagong,NA,Bakalia,NA,NA,Upazilla,Upazilla,201510,NA,91.88916666666533,22.433333333578,,
38,0.470935583114624,Fluvial Defended,10,BGD.2.4.2_1,BGD,Bangladesh,BGD.2_1,Chittagong,NA,BGD.2.4_1,Chittagong,NA,Bakalia,NA,NA,Upazilla,Upazilla,201510,NA,91.88999999999866,22.433333333578,,
39,0.730171203613281,Fluvial Defended,10,BGD.2.4.2_1,BGD,Bangladesh,BGD.2_1,Chittagong,NA,BGD.2.4_1,Chittagong,NA,Bakalia,NA,NA,Upazilla,Upazilla,201510,NA,91.89083333333201,22.433333333578,,
40,1.085005283355713,Fluvial Defended,10,BGD.2.4.2_1,BGD,Bangladesh,BGD.2_1,Chittagong,NA,BGD.2.4_1,Chittagong,NA,Bakalia,NA,NA,Upazilla,Upazilla,201510,NA,91.89156622931438,22.4332369340367,,
41,1.782546997070312,Fluvial Defended,10,BGD.2.4.2_1,BGD,Bangladesh,BGD.2_1,Chittagong,NA,BGD.2.4_1,Chittagong,NA,Bakalia,NA,NA,Upazilla,Upazilla,201510,NA,91.87673161236317,22.432447261682963,,
42,1.592159509658813,Fluvial Defended,10,BGD.2.4.2_1,BGD,Bangladesh,BGD.2_1,Chittagong,NA,BGD.2.4_1,Chittagong,NA,Bakalia,NA,NA,Upazilla,Upazilla,201510,NA,91.87749999999868,22.432500000244673,,
43,1.319851398468018,Fluvial Defended,10,BGD.2.4.2_1,BGD,Bangladesh,BGD.2_1,Chittagong,NA,BGD.2.4_1,Chittagong,NA,Bakalia,NA,NA,Upazilla,Upazilla,201510,NA,91.87833333333202,22.432500000244673,,
44,1.032479286193848,Fluvial Defended,10,BGD.2.4.2_1,BGD,Bangladesh,BGD.2_1,Chittagong,NA,BGD.2.4_1,Chittagong,NA,Bakalia,NA,NA,Upazilla,Upazilla,201510,NA,91.87916666666534,22.432500000244673,,
45,1.106456756591797,Fluvial Defended,10,BGD.2.4.2_1,BGD,Bangladesh,BGD.2_1,Chittagong,NA,BGD.2.4_1,Chittagong,NA,Bakalia,NA,NA,Upazilla,Upazilla,201510,NA,91.87999999999867,22.432500000244673,,
46,1.331946849822998,Fluvial Defended,10,BGD.2.4.2_1,BGD,Bangladesh,BGD.2_1,Chittagong,NA,BGD.2.4_1,Chittagong,NA,Bakalia,NA,NA,Upazilla,Upazilla,201510,NA,91.880833333332,22.432500000244673,,
47,1.625197649002075,Fluvial Defended,10,BGD.2.4.2_1,BGD,Bangladesh,BGD.2_1,Chittagong,NA,BGD.2.4_1,Chittagong,NA,Bakalia,NA,NA,Upazilla,Upazilla,201510,NA,91.88166666666534,22.432500000244673,,
48,1.654776573181152,Fluvial Defended,10,BGD.2.4.2_1,BGD,Bangladesh,BGD.2_1,Chittagong,NA,BGD.2.4_1,Chittagong,NA,Bakalia,NA,NA,Upazilla,Upazilla,201510,NA,91.88249999999869,22.432500000244673,,
49,1.530670166015625,Fluvial Defended,10,BGD.2.4.2_1,BGD,Bangladesh,BGD.2_1,Chittagong,NA,BGD.2.4_1,Chittagong,NA,Bakalia,NA,NA,Upazilla,Upazilla,201510,NA,91.88333333333202,22.432500000244673,,
50,1.420210361480713,Fluvial Defended,10,BGD.2.4.2_1,BGD,Bangladesh,BGD.2_1,Chittagong,NA,BGD.2.4_1,Chittagong,NA,Bakalia,NA,NA,Upazilla,Upazilla,201510,NA,91.88416666666535,22.432500000244673,,
51,1.482129573822021,Fluvial Defended,10,BGD.2.4.2_1,BGD,Bangladesh,BGD.2_1,Chittagong,NA,BGD.2.4_1,Chittagong,NA,Bakalia,NA,NA,Upazilla,Upazilla,201510,NA,91.88499999999867,22.432500000244673,,
52,1.511925220489502,Fluvial Defended,10,BGD.2.4.2_1,BGD,Bangladesh,BGD.2_1,Chittagong,NA,BGD.2.4_1,Chittagong,NA,Bakalia,NA,NA,Upazilla,Upazilla,201510,NA,91.885833333332,22.432500000244673,,
53,1.413098812103271,Fluvial Defended,10,BGD.2.4.2_1,BGD,Bangladesh,BGD.2_1,Chittagong,NA,BGD.2.4_1,Chittagong,NA,Bakalia,NA,NA,Upazilla,Upazilla,201510,NA,91.88666666666535,22.432500000244673,,
54,1.1219801902771,Fluvial Defended,10,BGD.2.4.2_1,BGD,Bangladesh,BGD.2_1,Chittagong,NA,BGD.2.4_1,Chittagong,NA,Bakalia,NA,NA,Upazilla,Upazilla,201510,NA,91.88749999999867,22.432500000244673,,
55,0.83445405960083,Fluvial Defended,10,BGD.2.4.2_1,BGD,Bangladesh,BGD.2_1,Chittagong,NA,BGD.2.4_1,Chittagong,NA,Bakalia,NA,NA,Upazilla,Upazilla,201510,NA,91.888333333332,22.432500000244673,,
56,0.444441795349121,Fluvial Defended,10,BGD.2.4.2_1,BGD,Bangladesh,BGD.2_1,Chittagong,NA,BGD.2.4_1,Chittagong,NA,Bakalia,NA,NA,Upazilla,Upazilla,201510,NA,91.88916666666533,22.432500000244673,,
57,0.165345907211304,Fluvial Defended,10,BGD.2.4.2_1,BGD,Bangladesh,BGD.2_1,Chittagong,NA,BGD.2.4_1,Chittagong,NA,Bakalia,NA,NA,Upazilla,Upazilla,201510,NA,91.88999999999866,22.432500000244673,,
58,0.32247257232666,Fluvial Defended,10,BGD.2.4.2_1,BGD,Bangladesh,BGD.2_1,Chittagong,NA,BGD.2.4_1,Chittagong,NA,Bakalia,NA,NA,Upazilla,Upazilla,201510,NA,91.89083333333201,22.432500000244673,,
59,0.802993297576904,Fluvial Defended,10,BGD.2.4.2_1,BGD,Bangladesh,BGD.2_1,Chittagong,NA,BGD.2.4_1,Chittagong,NA,Bakalia,NA,NA,Upazilla,Upazilla,201510,NA,91.89166666666534,22.432500000244673,,
60,1.303039073944092,Fluvial Defended,10,BGD.2.4.2_1,BGD,Bangladesh,BGD.2_1,Chittagong,NA,BGD.2.4_1,Chittagong,NA,Bakalia,NA,NA,Upazilla,Upazilla,201510,NA,91.892412387291,22.43238199585499,,
61,1.630821943283081,Fluvial Defended,10,BGD.2.4.2_1,BGD,Bangladesh,BGD.2_1,Chittagong,NA,BGD.2.4_1,Chittagong,NA,Bakalia,NA,NA,Upazilla,Upazilla,201510,NA,91.87666666666533,22.431666666911333,,
62,2.089333534240723,Fluvial Defended,10,BGD.2.4.2_1,BGD,Bangladesh,BGD.2_1,Chittagong,NA,BGD.2.4_1,Chittagong,NA,Bakalia,NA,NA,Upazilla,Upazilla,201510,NA,91.87749999999868,22.431666666911337,,
63,1.777350187301636,Fluvial Defended,10,BGD.2.4.2_1,BGD,Bangladesh,BGD.2_1,Chittagong,NA,BGD.2.4_1,Chittagong,NA,Bakalia,NA,NA,Upazilla,Upazilla,201510,NA,91.87833333333202,22.431666666911337,,
64,1.526697397232056,Fluvial Defended,10,BGD.2.4.2_1,BGD,Bangladesh,BGD.2_1,Chittagong,NA,BGD.2.4_1,Chittagong,NA,Bakalia,NA,NA,Upazilla,Upazilla,201510,NA,91.87916666666534,22.431666666911337,,
65,1.574616432189941,Fluvial Defended,10,BGD.2.4.2_1,BGD,Bangladesh,BGD.2_1,Chittagong,NA,BGD.2.4_1,Chittagong,NA,Bakalia,NA,NA,Upazilla,Upazilla,201510,NA,91.87999999999867,22.431666666911337,,
66,1.875952243804932,Fluvial Defended,10,BGD.2.4.2_1,BGD,Bangladesh,BGD.2_1,Chittagong,NA,BGD.2.4_1,Chittagong,NA,Bakalia,NA,NA,Upazilla,Upazilla,201510,NA,91.880833333332,22.431666666911337,,
67,2.115249633789062,Fluvial Defended,10,BGD.2.4.2_1,BGD,Bangladesh,BGD.2_1,Chittagong,NA,BGD.2.4_1,Chittagong,NA,Bakalia,NA,NA,Upazilla,Upazilla,201510,NA,91.88166666666534,22.431666666911337,,
68,2.1246018409729,Fluvial Defended,10,BGD.2.4.2_1,BGD,Bangladesh,BGD.2_1,Chittagong,NA,BGD.2.4_1,Chittagong,NA,Bakalia,NA,NA,Upazilla,Upazilla,201510,NA,91.88249999999869,22.431666666911337,,
69,2.347453355789185,Fluvial Defended,10,BGD.2.4.2_1,BGD,Bangladesh,BGD.2_1,Chittagong,NA,BGD.2.4_1,Chittagong,NA,Bakalia,NA,NA,Upazilla,Upazilla,201510,NA,91.88333333333202,22.431666666911337,,
70,2.48036003112793,Fluvial Defended,10,BGD.2.4.2_1,BGD,Bangladesh,BGD.2_1,Chittagong,NA,BGD.2.4_1,Chittagong,NA,Bakalia,NA,NA,Upazilla,Upazilla,201510,NA,91.88416666666535,22.431666666911337,,
71,2.623791694641113,Fluvial Defended,10,BGD.2.4.2_1,BGD,Bangladesh,BGD.2_1,Chittagong,NA,BGD.2.4_1,Chittagong,NA,Bakalia,NA,NA,Upazilla,Upazilla,201510,NA,91.88499999999867,22.431666666911337,,
72,2.625313997268677,Fluvial Defended,10,BGD.2.4.2_1,BGD,Bangladesh,BGD.2_1,Chittagong,NA,BGD.2.4_1,Chittagong,NA,Bakalia,NA,NA,Upazilla,Upazilla,201510,NA,91.885833333332,22.431666666911337,,
73,1.990264415740967,Fluvial Defended,10,BGD.2.4.2_1,BGD,Bangladesh,BGD.2_1,Chittagong,NA,BGD.2.4_1,Chittagong,NA,Bakalia,NA,NA,Upazilla,Upazilla,201510,NA,91.88666666666535,22.431666666911337,,
74,1.74040675163269,Fluvial Defended,10,BGD.2.4.2_1,BGD,Bangladesh,BGD.2_1,Chittagong,NA,BGD.2.4_1,Chittagong,NA,Bakalia,NA,NA,Upazilla,Upazilla,201510,NA,91.88749999999867,22.431666666911337,,
75,1.853631496429443,Fluvial Defended,10,BGD.2.4.2_1,BGD,Bangladesh,BGD.2_1,Chittagong,NA,BGD.2.4_1,Chittagong,NA,Bakalia,NA,NA,Upazilla,Upazilla,201510,NA,91.888333333332,22.431666666911337,,
76,1.274592399597168,Fluvial Defended,10,BGD.2.4.2_1,BGD,Bangladesh,BGD.2_1,Chittagong,NA,BGD.2.4_1,Chittagong,NA,Bakalia,NA,NA,Upazilla,Upazilla,201510,NA,91.88916666666533,22.431666666911337,,
77,0.760720014572144,Fluvial Defended,10,BGD.2.4.2_1,BGD,Bangladesh,BGD.2_1,Chittagong,NA,BGD.2.4_1,Chittagong,NA,Bakalia,NA,NA,Upazilla,Upazilla,201510,NA,91.88999999999866,22.431666666911337,,
78,0.671749591827393,Fluvial Defended,10,BGD.2.4.2_1,BGD,Bangladesh,BGD.2_1,Chittagong,NA,BGD.2.4_1,Chittagong,NA,Bakalia,NA,NA,Upazilla,Upazilla,201510,NA,91.89083333333201,22.431666666911337,,
79,1.076391935348511,Fluvial Defended,10,BGD.2.4.2_1,BGD,Bangladesh,BGD.2_1,Chittagong,NA,BGD.2.4_1,Chittagong,NA,Bakalia,NA,NA,Upazilla,Upazilla,201510,NA,91.89166666666534,22.431666666911337,,
80,1.613366365432739,Fluvial Defended,10,BGD.2.4.2_1,BGD,Bangladesh,BGD.2_1,Chittagong,NA,BGD.2.4_1,Chittagong,NA,Bakalia,NA,NA,Upazilla,Upazilla,201510,NA,91.89249999999866,22.431666666911333,,
81,1.72804594039917,Fluvial Defended,10,BGD.2.4.2_1,BGD,Bangladesh,BGD.2_1,Chittagong,NA,BGD.2.4_1,Chittagong,NA,Bakalia,NA,NA,Upazilla,Upazilla,201510,NA,91.89324180628635,22.431575859871394,,
82,1.781952619552612,Fluvial Defended,10,BGD.2.4.2_1,BGD,Bangladesh,BGD.2_1,Chittagong,NA,BGD.2.4_1,Chittagong,NA,Bakalia,NA,NA,Upazilla,Upazilla,201510,NA,91.87749999999869,22.430833333578,,
83,1.790653228759766,Fluvial Defended,10,BGD.2.4.2_1,BGD,Bangladesh,BGD.2_1,Chittagong,NA,BGD.2.4_1,Chittagong,NA,Bakalia,NA,NA,Upazilla,Upazilla,201510,NA,91.878333333332,22.430833333578,,
84,1.756956815719604,Fluvial Defended,10,BGD.2.4.2_1,BGD,Bangladesh,BGD.2_1,Chittagong,NA,BGD.2.4_1,Chittagong,NA,Bakalia,NA,NA,Upazilla,Upazilla,201510,NA,91.87916666666536,22.430833333578,,
85,1.841075897216797,Fluvial Defended,10,BGD.2.4.2_1,BGD,Bangladesh,BGD.2_1,Chittagong,NA,BGD.2.4_1,Chittagong,NA,Bakalia,NA,NA,Upazilla,Upazilla,201510,NA,91.87999999999869,22.430833333578,,
86,2.062892436981201,Fluvial Defended,10,BGD.2.4.2_1,BGD,Bangladesh,BGD.2_1,Chittagong,NA,BGD.2.4_1,Chittagong,NA,Bakalia,NA,NA,Upazilla,Upazilla,201510,NA,91.88083333333202,22.430833333578,,
87,2.410160779953003,Fluvial Defended,10,BGD.2.4.2_1,BGD,Bangladesh,BGD.2_1,Chittagong,NA,BGD.2.4_1,Chittagong,NA,Bakalia,NA,NA,Upazilla,Upazilla,201510,NA,91.88166666666532,22.430833333578,,
88,2.381160736083984,Fluvial Defended,10,BGD.2.4.2_1,BGD,Bangladesh,BGD.2_1,Chittagong,NA,BGD.2.4_1,Chittagong,NA,Bakalia,NA,NA,Upazilla,Upazilla,201510,NA,91.88249999999869,22.430833333578,,
89,2.457928657531738,Fluvial Defended,10,BGD.2.4.2_1,BGD,Bangladesh,BGD.2_1,Chittagong,NA,BGD.2.4_1,Chittagong,NA,Bakalia,NA,NA,Upazilla,Upazilla,201510,NA,91.88333333333202,22.430833333578,,
90,2.50285792350769,Fluvial Defended,10,BGD.2.4.2_1,BGD,Bangladesh,BGD.2_1,Chittagong,NA,BGD.2.4_1,Chittagong,NA,Bakalia,NA,NA,Upazilla,Upazilla,201510,NA,91.88416666666535,22.430833333578,,
91,2.510659694671631,Fluvial Defended,10,BGD.2.4.2_1,BGD,Bangladesh,BGD.2_1,Chittagong,NA,BGD.2.4_1,Chittagong,NA,Bakalia,NA,NA,Upazilla,Upazilla,201510,NA,91.88499999999866,22.430833333578,,
92,2.429945468902588,Fluvial Defended,10,BGD.2.4.2_1,BGD,Bangladesh,BGD.2_1,Chittagong,NA,BGD.2.4_1,Chittagong,NA,Bakalia,NA,NA,Upazilla,Upazilla,201510,NA,91.88583333333202,22.430833333578,,
93,2.182536125183105,Fluvial Defended,10,BGD.2.4.2_1,BGD,Bangladesh,BGD.2_1,Chittagong,NA,BGD.2.4_1,Chittagong,NA,Bakalia,NA,NA,Upazilla,Upazilla,201510,NA,91.88666666666535,22.430833333578,,
94,1.995717287063599,Fluvial Defended,10,BGD.2.4.2_1,BGD,Bangladesh,BGD.2_1,Chittagong,NA,BGD.2.4_1,Chittagong,NA,Bakalia,NA,NA,Upazilla,Upazilla,201510,NA,91.88749999999868,22.430833333578,,
95,1.893086433410645,Fluvial Defended,10,BGD.2.4.2_1,BGD,Bangladesh,BGD.2_1,Chittagong,NA,BGD.2.4_1,Chittagong,NA,Bakalia,NA,NA,Upazilla,Upazilla,201510,NA,91.88833333333199,22.430833333578,,
96,1.655414581298828,Fluvial Defended,10,BGD.2.4.2_1,BGD,Bangladesh,BGD.2_1,Chittagong,NA,BGD.2.4_1,Chittagong,NA,Bakalia,NA,NA,Upazilla,Upazilla,201510,NA,91.88916666666535,22.430833333578,,
97,1.468636035919189,Fluvial Defended,10,BGD.2.4.2_1,BGD,Bangladesh,BGD.2_1,Chittagong,NA,BGD.2.4_1,Chittagong,NA,Bakalia,NA,NA,Upazilla,Upazilla,201510,NA,91.88999999999868,22.430833333578,,
98,1.541009187698364,Fluvial Defended,10,BGD.2.4.2_1,BGD,Bangladesh,BGD.2_1,Chittagong,NA,BGD.2.4_1,Chittagong,NA,Bakalia,NA,NA,Upazilla,Upazilla,201510,NA,91.89083333333201,22.430833333578,,
99,1.635186195373535,Fluvial Defended,10,BGD.2.4.2_1,BGD,Bangladesh,BGD.2_1,Chittagong,NA,BGD.2.4_1,Chittagong,NA,Bakalia,NA,NA,Upazilla,Upazilla,201510,NA,91.89166666666533,22.430833333578,,
100,1.858079433441162,Fluvial Defended,10,BGD.2.4.2_1,BGD,Bangladesh,BGD.2_1,Chittagong,NA,BGD.2.4_1,Chittagong,NA,Bakalia,NA,NA,Upazilla,Upazilla,201510,NA,91.89249999999866,22.430833333578,,
101,1.864851474761963,Fluvial Defended,10,BGD.2.4.2_1,BGD,Bangladesh,BGD.2_1,Chittagong,NA,BGD.2.4_1,Chittagong,NA,Bakalia,NA,NA,Upazilla,Upazilla,201510,NA,91.89333333333201,22.430833333578,,
102,1.964872598648071,Fluvial Defended,10,BGD.2.4.2_1,BGD,Bangladesh,BGD.2_1,Chittagong,NA,BGD.2.4_1,Chittagong,NA,Bakalia,NA,NA,Upazilla,Upazilla,201510,NA,91.87999999999867,22.430000000244668,,
103,2.124619007110596,Fluvial Defended,10,BGD.2.4.2_1,BGD,Bangladesh,BGD.2_1,Chittagong,NA,BGD.2.4_1,Chittagong,NA,Bakalia,NA,NA,Upazilla,Upazilla,201510,NA,91.880833333332,22.430000000244668,,
104,2.345902681350708,Fluvial Defended,10,BGD.2.4.2_1,BGD,Bangladesh,BGD.2_1,Chittagong,NA,BGD.2.4_1,Chittagong,NA,Bakalia,NA,NA,Upazilla,Upazilla,201510,NA,91.88166666666534,22.430000000244668,,
105,2.531558513641357,Fluvial Defended,10,BGD.2.4.2_1,BGD,Bangladesh,BGD.2_1,Chittagong,NA,BGD.2.4_1,Chittagong,NA,Bakalia,NA,NA,Upazilla,Upazilla,201510,NA,91.88249999999869,22.430000000244668,,
106,2.600419521331787,Fluvial Defended,10,BGD.2.4.2_1,BGD,Bangladesh,BGD.2_1,Chittagong,NA,BGD.2.4_1,Chittagong,NA,Bakalia,NA,NA,Upazilla,Upazilla,201510,NA,91.88333333333202,22.430000000244668,,
107,2.050053358078003,Fluvial Defended,10,BGD.2.4.2_1,BGD,Bangladesh,BGD.2_1,Chittagong,NA,BGD.2.4_1,Chittagong,NA,Bakalia,NA,NA,Upazilla,Upazilla,201510,NA,91.89083333333201,22.430000000244668,,
108,2.468370199203491,Fluvial Defended,10,BGD.2.4.2_1,BGD,Bangladesh,BGD.2_1,Chittagong,NA,BGD.2.4_1,Chittagong,NA,Bakalia,NA,NA,Upazilla,Upazilla,201510,NA,91.89166666666534,22.430000000244668,,
109,2.131088733673096,Fluvial Defended,10,BGD.2.4.2_1,BGD,Bangladesh,BGD.2_1,Chittagong,NA,BGD.2.4_1,Chittagong,NA,Bakalia,NA,NA,Upazilla,Upazilla,201510,NA,91.89249999999866,22.43000000024467,,
110,1.68970513343811,Fluvial Defended,10,BGD.2.4.2_1,BGD,Bangladesh,BGD.2_1,Chittagong,NA,BGD.2.4_1,Chittagong,NA,Bakalia,NA,NA,Upazilla,Upazilla,201510,NA,91.893333333332,22.430000000244668,,
111,1.168517351150513,Fluvial Defended,10,BGD.2.4.2_1,BGD,Bangladesh,BGD.2_1,Chittagong,NA,BGD.2.4_1,Chittagong,NA,Bakalia,NA,NA,Upazilla,Upazilla,201510,NA,91.89415181256967,22.429986781621412,,
112,2.268487930297852,Fluvial Defended,10,BGD.2.4.2_1,BGD,Bangladesh,BGD.2_1,Chittagong,NA,BGD.2.4_1,Chittagong,NA,Bakalia,NA,NA,Upazilla,Upazilla,201510,NA,91.89083333333201,22.429166666911332,,
113,2.69858193397522,Fluvial Defended,10,BGD.2.4.2_1,BGD,Bangladesh,BGD.2_1,Chittagong,NA,BGD.2.4_1,Chittagong,NA,Bakalia,NA,NA,Upazilla,Upazilla,201510,NA,91.89166666666534,22.429166666911332,,
114,1.801676988601685,Fluvial Defended,10,BGD.2.4.2_1,BGD,Bangladesh,BGD.2_1,Chittagong,NA,BGD.2.4_1,Chittagong,NA,Bakalia,NA,NA,Upazilla,Upazilla,201510,NA,91.89249999999866,22.429166666911332,,
115,1.288232564926147,Fluvial Defended,10,BGD.2.4.2_1,BGD,Bangladesh,BGD.2_1,Chittagong,NA,BGD.2.4_1,Chittagong,NA,Bakalia,NA,NA,Upazilla,Upazilla,201510,NA,91.893333333332,22.429166666911332,,
116,0.841960668563843,Fluvial Defended,10,BGD.2.4.2_1,BGD,Bangladesh,BGD.2_1,Chittagong,NA,BGD.2.4_1,Chittagong,NA,Bakalia,NA,NA,Upazilla,Upazilla,201510,NA,91.89416666666536,22.429166666911332,,
117,2.150911331176758,Fluvial Defended,10,BGD.2.4.2_1,BGD,Bangladesh,BGD.2_1,Chittagong,NA,BGD.2.4_1,Chittagong,NA,Bakalia,NA,NA,Upazilla,Upazilla,201510,NA,91.89083333333201,22.428333333578,,
118,1.957907676696777,Fluvial Defended,10,BGD.2.4.2_1,BGD,Bangladesh,BGD.2_1,Chittagong,NA,BGD.2.4_1,Chittagong,NA,Bakalia,NA,NA,Upazilla,Upazilla,201510,NA,91.89166666666534,22.428333333578,,
119,1.363754749298096,Fluvial Defended,10,BGD.2.4.2_1,BGD,Bangladesh,BGD.2_1,Chittagong,NA,BGD.2.4_1,Chittagong,NA,Bakalia,NA,NA,Upazilla,Upazilla,201510,NA,91.89249999999866,22.428333333577996,,
120,0.726696729660034,Fluvial Defended,10,BGD.2.4.2_1,BGD,Bangladesh,BGD.2_1,Chittagong,NA,BGD.2.4_1,Chittagong,NA,Bakalia,NA,NA,Upazilla,Upazilla,201510,NA,91.893333333332,22.428333333578,,
121,0.46552586555481,Fluvial Defended,10,BGD.2.4.2_1,BGD,Bangladesh,BGD.2_1,Chittagong,NA,BGD.2.4_1,Chittagong,NA,Bakalia,NA,NA,Upazilla,Upazilla,201510,NA,91.89416666666536,22.428333333578,,
122,0.77989649772644,Fluvial Defended,10,BGD.2.4.2_1,BGD,Bangladesh,BGD.2_1,Chittagong,NA,BGD.2.4_1,Chittagong,NA,Bakalia,NA,NA,Upazilla,Upazilla,201510,NA,91.8948380174285,22.428313014052303,,
123,1.630043506622314,Fluvial Defended,10,BGD.2.4.2_1,BGD,Bangladesh,BGD.2_1,Chittagong,NA,BGD.2.4_1,Chittagong,NA,Bakalia,NA,NA,Upazilla,Upazilla,201510,NA,91.89166666666533,22.427500000244667,,
124,0.936244249343872,Fluvial Defended,10,BGD.2.4.2_1,BGD,Bangladesh,BGD.2_1,Chittagong,NA,BGD.2.4_1,Chittagong,NA,Bakalia,NA,NA,Upazilla,Upazilla,201510,NA,91.89249999999866,22.427500000244663,,
125,0.230636835098267,Fluvial Defended,10,BGD.2.4.2_1,BGD,Bangladesh,BGD.2_1,Chittagong,NA,BGD.2.4_1,Chittagong,NA,Bakalia,NA,NA,Upazilla,Upazilla,201510,NA,91.89333333333201,22.427500000244667,,
126,0.054770946502686,Fluvial Defended,10,BGD.2.4.2_1,BGD,Bangladesh,BGD.2_1,Chittagong,NA,BGD.2.4_1,Chittagong,NA,Bakalia,NA,NA,Upazilla,Upazilla,201510,NA,91.89416666666534,22.427500000244667,,
127,0.436155319213867,Fluvial Defended,10,BGD.2.4.2_1,BGD,Bangladesh,BGD.2_1,Chittagong,NA,BGD.2.4_1,Chittagong,NA,Bakalia,NA,NA,Upazilla,Upazilla,201510,NA,91.89487658496851,22.427501073700792,,
128,1.565260171890259,Fluvial Defended,10,BGD.2.4.2_1,BGD,Bangladesh,BGD.2_1,Chittagong,NA,BGD.2.4_1,Chittagong,NA,Bakalia,NA,NA,Upazilla,Upazilla,201510,NA,91.89166666666534,22.42666666691133,,
129,0.903196334838867,Fluvial Defended,10,BGD.2.4.2_1,BGD,Bangladesh,BGD.2_1,Chittagong,NA,BGD.2.4_1,Chittagong,NA,Bakalia,NA,NA,Upazilla,Upazilla,201510,NA,91.89249999999866,22.426666666911327,,
130,2.107999086380005,Fluvial Defended,10,BGD.2.4.2_1,BGD,Bangladesh,BGD.2_1,Chittagong,NA,BGD.2.4_1,Chittagong,NA,Bakalia,NA,NA,Upazilla,Upazilla,201510,NA,91.89083333333201,22.425833333578,,
131,1.679630994796753,Fluvial Defended,10,BGD.2.4.2_1,BGD,Bangladesh,BGD.2_1,Chittagong,NA,BGD.2.4_1,Chittagong,NA,Bakalia,NA,NA,Upazilla,Upazilla,201510,NA,91.89166666666534,22.425833333578,,
132,1.04938530921936,Fluvial Defended,10,BGD.2.4.2_1,BGD,Bangladesh,BGD.2_1,Chittagong,NA,BGD.2.4_1,Chittagong,NA,Bakalia,NA,NA,Upazilla,Upazilla,201510,NA,91.89249999999866,22.425833333578,,
133,0.294127941131592,Fluvial Defended,10,BGD.2.4.2_1,BGD,Bangladesh,BGD.2_1,Chittagong,NA,BGD.2.4_1,Chittagong,NA,Bakalia,NA,NA,Upazilla,Upazilla,201510,NA,91.893333333332,22.425833333578,,
134,2.212937831878662,Fluvial Defended,10,BGD.2.4.2_1,BGD,Bangladesh,BGD.2_1,Chittagong,NA,BGD.2.4_1,Chittagong,NA,Bakalia,NA,NA,Upazilla,Upazilla,201510,NA,91.89083333333201,22.425000000244662,,
135,2.00963282585144,Fluvial Defended,10,BGD.2.4.2_1,BGD,Bangladesh,BGD.2_1,Chittagong,NA,BGD.2.4_1,Chittagong,NA,Bakalia,NA,NA,Upazilla,Upazilla,201510,NA,91.89166666666534,22.425000000244662,,
136,1.369106292724609,Fluvial Defended,10,BGD.2.4.2_1,BGD,Bangladesh,BGD.2_1,Chittagong,NA,BGD.2.4_1,Chittagong,NA,Bakalia,NA,NA,Upazilla,Upazilla,201510,NA,91.89249999999866,22.425000000244665,,
137,0.923679113388062,Fluvial Defended,10,BGD.2.4.2_1,BGD,Bangladesh,BGD.2_1,Chittagong,NA,BGD.2.4_1,Chittagong,NA,Bakalia,NA,NA,Upazilla,Upazilla,201510,NA,91.893333333332,22.425000000244662,,
138,0.629996538162231,Fluvial Defended,10,BGD.2.4.2_1,BGD,Bangladesh,BGD.2_1,Chittagong,NA,BGD.2.4_1,Chittagong,NA,Bakalia,NA,NA,Upazilla,Upazilla,201510,NA,91.89415997760295,22.42500591827282,,
139,2.480534553527832,Fluvial Defended,10,BGD.2.4.2_1,BGD,Bangladesh,BGD.2_1,Chittagong,NA,BGD.2.4_1,Chittagong,NA,Bakalia,NA,NA,Upazilla,Upazilla,201510,NA,91.88999999999866,22.424166666911333,,
140,2.308856964111328,Fluvial Defended,10,BGD.2.4.2_1,BGD,Bangladesh,BGD.2_1,Chittagong,NA,BGD.2.4_1,Chittagong,NA,Bakalia,NA,NA,Upazilla,Upazilla,201510,NA,91.89083333333201,22.424166666911333,,
141,1.873266220092773,Fluvial Defended,10,BGD.2.4.2_1,BGD,Bangladesh,BGD.2_1,Chittagong,NA,BGD.2.4_1,Chittagong,NA,Bakalia,NA,NA,Upazilla,Upazilla,201510,NA,91.89166666666534,22.424166666911333,,
142,1.52335524559021,Fluvial Defended,10,BGD.2.4.2_1,BGD,Bangladesh,BGD.2_1,Chittagong,NA,BGD.2.4_1,Chittagong,NA,Bakalia,NA,NA,Upazilla,Upazilla,201510,NA,91.89249999999866,22.424166666911336,,
143,1.435822248458862,Fluvial Defended,10,BGD.2.4.2_1,BGD,Bangladesh,BGD.2_1,Chittagong,NA,BGD.2.4_1,Chittagong,NA,Bakalia,NA,NA,Upazilla,Upazilla,201510,NA,91.893333333332,22.424166666911333,,
144,1.259808301925659,Fluvial Defended,10,BGD.2.4.2_1,BGD,Bangladesh,BGD.2_1,Chittagong,NA,BGD.2.4_1,Chittagong,NA,Bakalia,NA,NA,Upazilla,Upazilla,201510,NA,91.89403345013324,22.424216560101733,,
145,2.655202388763428,Fluvial Defended,10,BGD.2.4.2_1,BGD,Bangladesh,BGD.2_1,Chittagong,NA,BGD.2.4_1,Chittagong,NA,Bakalia,NA,NA,Upazilla,Upazilla,201510,NA,91.88916666666535,22.423333333578,,
146,2.578829288482666,Fluvial Defended,10,BGD.2.4.2_1,BGD,Bangladesh,BGD.2_1,Chittagong,NA,BGD.2.4_1,Chittagong,NA,Bakalia,NA,NA,Upazilla,Upazilla,201510,NA,91.88999999999868,22.423333333578,,
147,1.906534194946289,Fluvial Defended,10,BGD.2.4.2_1,BGD,Bangladesh,BGD.2_1,Chittagong,NA,BGD.2.4_1,Chittagong,NA,Bakalia,NA,NA,Upazilla,Upazilla,201510,NA,91.89083333333201,22.423333333578,,
148,1.536046028137207,Fluvial Defended,10,BGD.2.4.2_1,BGD,Bangladesh,BGD.2_1,Chittagong,NA,BGD.2.4_1,Chittagong,NA,Bakalia,NA,NA,Upazilla,Upazilla,201510,NA,91.89166666666533,22.423333333578,,
149,1.444661140441895,Fluvial Defended,10,BGD.2.4.2_1,BGD,Bangladesh,BGD.2_1,Chittagong,NA,BGD.2.4_1,Chittagong,NA,Bakalia,NA,NA,Upazilla,Upazilla,201510,NA,91.89249999999866,22.423333333578,,
150,1.501935720443726,Fluvial Defended,10,BGD.2.4.2_1,BGD,Bangladesh,BGD.2_1,Chittagong,NA,BGD.2.4_1,Chittagong,NA,Bakalia,NA,NA,Upazilla,Upazilla,201510,NA,91.89332434609199,22.423341539620885,,
151,2.753545045852661,Fluvial Defended,10,BGD.2.4.2_1,BGD,Bangladesh,BGD.2_1,Chittagong,NA,BGD.2.4_1,Chittagong,NA,Bakalia,NA,NA,Upazilla,Upazilla,201510,NA,91.888333333332,22.422500000244664,,
152,2.716014385223389,Fluvial Defended,10,BGD.2.4.2_1,BGD,Bangladesh,BGD.2_1,Chittagong,NA,BGD.2.4_1,Chittagong,NA,Bakalia,NA,NA,Upazilla,Upazilla,201510,NA,91.88916666666533,22.422500000244664,,
153,2.006316423416138,Fluvial Defended,10,BGD.2.4.2_1,BGD,Bangladesh,BGD.2_1,Chittagong,NA,BGD.2.4_1,Chittagong,NA,Bakalia,NA,NA,Upazilla,Upazilla,201510,NA,91.88999999999866,22.422500000244664,,
154,1.375609636306763,Fluvial Defended,10,BGD.2.4.2_1,BGD,Bangladesh,BGD.2_1,Chittagong,NA,BGD.2.4_1,Chittagong,NA,Bakalia,NA,NA,Upazilla,Upazilla,201510,NA,91.89083333333201,22.422500000244664,,
155,1.134325265884399,Fluvial Defended,10,BGD.2.4.2_1,BGD,Bangladesh,BGD.2_1,Chittagong,NA,BGD.2.4_1,Chittagong,NA,Bakalia,NA,NA,Upazilla,Upazilla,201510,NA,91.89166666666534,22.422500000244664,,
156,1.217189788818359,Fluvial Defended,10,BGD.2.4.2_1,BGD,Bangladesh,BGD.2_1,Chittagong,NA,BGD.2.4_1,Chittagong,NA,Bakalia,NA,NA,Upazilla,Upazilla,201510,NA,91.89249999999866,22.422500000244664,,
157,2.760945320129395,Fluvial Defended,10,BGD.2.4.2_1,BGD,Bangladesh,BGD.2_1,Chittagong,NA,BGD.2.4_1,Chittagong,NA,Bakalia,NA,NA,Upazilla,Upazilla,201510,NA,91.88749999999867,22.421666666911328,,
158,2.812185287475586,Fluvial Defended,10,BGD.2.4.2_1,BGD,Bangladesh,BGD.2_1,Chittagong,NA,BGD.2.4_1,Chittagong,NA,Bakalia,NA,NA,Upazilla,Upazilla,201510,NA,91.888333333332,22.421666666911328,,
159,2.078488111495972,Fluvial Defended,10,BGD.2.4.2_1,BGD,Bangladesh,BGD.2_1,Chittagong,NA,BGD.2.4_1,Chittagong,NA,Bakalia,NA,NA,Upazilla,Upazilla,201510,NA,91.88916666666533,22.421666666911328,,
160,1.305580854415894,Fluvial Defended,10,BGD.2.4.2_1,BGD,Bangladesh,BGD.2_1,Chittagong,NA,BGD.2.4_1,Chittagong,NA,Bakalia,NA,NA,Upazilla,Upazilla,201510,NA,91.88999999999866,22.421666666911328,,
161,0.844967842102051,Fluvial Defended,10,BGD.2.4.2_1,BGD,Bangladesh,BGD.2_1,Chittagong,NA,BGD.2.4_1,Chittagong,NA,Bakalia,NA,NA,Upazilla,Upazilla,201510,NA,91.89083333333201,22.421666666911328,,
162,0.761106252670288,Fluvial Defended,10,BGD.2.4.2_1,BGD,Bangladesh,BGD.2_1,Chittagong,NA,BGD.2.4_1,Chittagong,NA,Bakalia,NA,NA,Upazilla,Upazilla,201510,NA,91.89166666666534,22.421666666911328,,
163,0.996683597564697,Fluvial Defended,10,BGD.2.4.2_1,BGD,Bangladesh,BGD.2_1,Chittagong,NA,BGD.2.4_1,Chittagong,NA,Bakalia,NA,NA,Upazilla,Upazilla,201510,NA,91.89240592669597,22.421778913584305,,
164,2.72486686706543,Fluvial Defended,10,BGD.2.4.2_1,BGD,Bangladesh,BGD.2_1,Chittagong,NA,BGD.2.4_1,Chittagong,NA,Bakalia,NA,NA,Upazilla,Upazilla,201510,NA,91.885833333332,22.420833333578003,,
165,2.694830417633057,Fluvial Defended,10,BGD.2.4.2_1,BGD,Bangladesh,BGD.2_1,Chittagong,NA,BGD.2.4_1,Chittagong,NA,Bakalia,NA,NA,Upazilla,Upazilla,201510,NA,91.88666666666535,22.420833333578003,,
166,2.740649223327637,Fluvial Defended,10,BGD.2.4.2_1,BGD,Bangladesh,BGD.2_1,Chittagong,NA,BGD.2.4_1,Chittagong,NA,Bakalia,NA,NA,Upazilla,Upazilla,201510,NA,91.88749999999867,22.420833333578003,,
167,2.302437782287598,Fluvial Defended,10,BGD.2.4.2_1,BGD,Bangladesh,BGD.2_1,Chittagong,NA,BGD.2.4_1,Chittagong,NA,Bakalia,NA,NA,Upazilla,Upazilla,201510,NA,91.888333333332,22.420833333578003,,
168,1.578085422515869,Fluvial Defended,10,BGD.2.4.2_1,BGD,Bangladesh,BGD.2_1,Chittagong,NA,BGD.2.4_1,Chittagong,NA,Bakalia,NA,NA,Upazilla,Upazilla,201510,NA,91.88916666666533,22.420833333578003,,
169,1.087593555450439,Fluvial Defended,10,BGD.2.4.2_1,BGD,Bangladesh,BGD.2_1,Chittagong,NA,BGD.2.4_1,Chittagong,NA,Bakalia,NA,NA,Upazilla,Upazilla,201510,NA,91.88999999999866,22.420833333578003,,
170,0.842878103256226,Fluvial Defended,10,BGD.2.4.2_1,BGD,Bangladesh,BGD.2_1,Chittagong,NA,BGD.2.4_1,Chittagong,NA,Bakalia,NA,NA,Upazilla,Upazilla,201510,NA,91.8908090611817,22.420863836246866,,
171,2.726061344146729,Fluvial Defended,10,BGD.2.4.2_1,BGD,Bangladesh,BGD.2_1,Chittagong,NA,BGD.2.4_1,Chittagong,NA,Bakalia,NA,NA,Upazilla,Upazilla,201510,NA,91.88499999999867,22.420000000244666,,
172,2.923269987106323,Fluvial Defended,10,BGD.2.4.2_1,BGD,Bangladesh,BGD.2_1,Chittagong,NA,BGD.2.4_1,Chittagong,NA,Bakalia,NA,NA,Upazilla,Upazilla,201510,NA,91.885833333332,22.420000000244666,,
173,2.587125062942505,Fluvial Defended,10,BGD.2.4.2_1,BGD,Bangladesh,BGD.2_1,Chittagong,NA,BGD.2.4_1,Chittagong,NA,Bakalia,NA,NA,Upazilla,Upazilla,201510,NA,91.88666666666535,22.420000000244666,,
174,2.336867570877075,Fluvial Defended,10,BGD.2.4.2_1,BGD,Bangladesh,BGD.2_1,Chittagong,NA,BGD.2.4_1,Chittagong,NA,Bakalia,NA,NA,Upazilla,Upazilla,201510,NA,91.88749999999867,22.420000000244666,,
175,1.911912202835083,Fluvial Defended,10,BGD.2.4.2_1,BGD,Bangladesh,BGD.2_1,Chittagong,NA,BGD.2.4_1,Chittagong,NA,Bakalia,NA,NA,Upazilla,Upazilla,201510,NA,91.888333333332,22.420000000244666,,
176,1.452122449874878,Fluvial Defended,10,BGD.2.4.2_1,BGD,Bangladesh,BGD.2_1,Chittagong,NA,BGD.2.4_1,Chittagong,NA,Bakalia,NA,NA,Upazilla,Upazilla,201510,NA,91.88916666666533,22.420000000244666,,
177,1.150553941726685,Fluvial Defended,10,BGD.2.4.2_1,BGD,Bangladesh,BGD.2_1,Chittagong,NA,BGD.2.4_1,Chittagong,NA,Bakalia,NA,NA,Upazilla,Upazilla,201510,NA,91.88989934533261,22.420113509251266,,
178,2.778195381164551,Fluvial Defended,10,BGD.2.4.2_1,BGD,Bangladesh,BGD.2_1,Chittagong,NA,BGD.2.4_1,Chittagong,NA,Bakalia,NA,NA,Upazilla,Upazilla,201510,NA,91.88416666666535,22.419166666911327,,
179,2.810200929641724,Fluvial Defended,10,BGD.2.4.2_1,BGD,Bangladesh,BGD.2_1,Chittagong,NA,BGD.2.4_1,Chittagong,NA,Bakalia,NA,NA,Upazilla,Upazilla,201510,NA,91.88499999999866,22.419166666911327,,
180,2.390802621841431,Fluvial Defended,10,BGD.2.4.2_1,BGD,Bangladesh,BGD.2_1,Chittagong,NA,BGD.2.4_1,Chittagong,NA,Bakalia,NA,NA,Upazilla,Upazilla,201510,NA,91.88583333333202,22.419166666911327,,
181,2.087437868118286,Fluvial Defended,10,BGD.2.4.2_1,BGD,Bangladesh,BGD.2_1,Chittagong,NA,BGD.2.4_1,Chittagong,NA,Bakalia,NA,NA,Upazilla,Upazilla,201510,NA,91.88666666666535,22.419166666911327,,
182,1.995195388793945,Fluvial Defended,10,BGD.2.4.2_1,BGD,Bangladesh,BGD.2_1,Chittagong,NA,BGD.2.4_1,Chittagong,NA,Bakalia,NA,NA,Upazilla,Upazilla,201510,NA,91.88749999999868,22.419166666911327,,
183,1.62012505531311,Fluvial Defended,10,BGD.2.4.2_1,BGD,Bangladesh,BGD.2_1,Chittagong,NA,BGD.2.4_1,Chittagong,NA,Bakalia,NA,NA,Upazilla,Upazilla,201510,NA,91.88833333333199,22.419166666911327,,
184,1.26379656791687,Fluvial Defended,10,BGD.2.4.2_1,BGD,Bangladesh,BGD.2_1,Chittagong,NA,BGD.2.4_1,Chittagong,NA,Bakalia,NA,NA,Upazilla,Upazilla,201510,NA,91.88911676242016,22.41920538214222,,
185,2.61569356918335,Fluvial Defended,10,BGD.2.4.2_1,BGD,Bangladesh,BGD.2_1,Chittagong,NA,BGD.2.4_1,Chittagong,NA,Bakalia,NA,NA,Upazilla,Upazilla,201510,NA,91.88333333333202,22.418333333577998,,
186,3.186168193817139,Fluvial Defended,10,BGD.2.4.2_1,BGD,Bangladesh,BGD.2_1,Chittagong,NA,BGD.2.4_1,Chittagong,NA,Bakalia,NA,NA,Upazilla,Upazilla,201510,NA,91.88416666666535,22.418333333577998,,
187,2.429965019226074,Fluvial Defended,10,BGD.2.4.2_1,BGD,Bangladesh,BGD.2_1,Chittagong,NA,BGD.2.4_1,Chittagong,NA,Bakalia,NA,NA,Upazilla,Upazilla,201510,NA,91.88499999999867,22.418333333577998,,
188,1.992365837097168,Fluvial Defended,10,BGD.2.4.2_1,BGD,Bangladesh,BGD.2_1,Chittagong,NA,BGD.2.4_1,Chittagong,NA,Bakalia,NA,NA,Upazilla,Upazilla,201510,NA,91.885833333332,22.418333333577998,,
189,1.771451234817505,Fluvial Defended,10,BGD.2.4.2_1,BGD,Bangladesh,BGD.2_1,Chittagong,NA,BGD.2.4_1,Chittagong,NA,Bakalia,NA,NA,Upazilla,Upazilla,201510,NA,91.88666666666535,22.418333333577998,,
190,1.816984415054321,Fluvial Defended,10,BGD.2.4.2_1,BGD,Bangladesh,BGD.2_1,Chittagong,NA,BGD.2.4_1,Chittagong,NA,Bakalia,NA,NA,Upazilla,Upazilla,201510,NA,91.88749999999867,22.418333333577998,,
191,1.465226888656616,Fluvial Defended,10,BGD.2.4.2_1,BGD,Bangladesh,BGD.2_1,Chittagong,NA,BGD.2.4_1,Chittagong,NA,Bakalia,NA,NA,Upazilla,Upazilla,201510,NA,91.888333333332,22.418333333577998,,
192,1.088232755661011,Fluvial Defended,10,BGD.2.4.2_1,BGD,Bangladesh,BGD.2_1,Chittagong,NA,BGD.2.4_1,Chittagong,NA,Bakalia,NA,NA,Upazilla,Upazilla,201510,NA,91.88913152244781,22.418296301560453,,
193,2.5917649269104,Fluvial Defended,10,BGD.2.4.2_1,BGD,Bangladesh,BGD.2_1,Chittagong,NA,BGD.2.4_1,Chittagong,NA,Bakalia,NA,NA,Upazilla,Upazilla,201510,NA,91.88416666666535,22.417500000244665,,
194,2.52379846572876,Fluvial Defended,10,BGD.2.4.2_1,BGD,Bangladesh,BGD.2_1,Chittagong,NA,BGD.2.4_1,Chittagong,NA,Bakalia,NA,NA,Upazilla,Upazilla,201510,NA,91.88499999999867,22.417500000244665,,
195,2.088326692581177,Fluvial Defended,10,BGD.2.4.2_1,BGD,Bangladesh,BGD.2_1,Chittagong,NA,BGD.2.4_1,Chittagong,NA,Bakalia,NA,NA,Upazilla,Upazilla,201510,NA,91.885833333332,22.417500000244665,,
196,1.912572860717773,Fluvial Defended,10,BGD.2.4.2_1,BGD,Bangladesh,BGD.2_1,Chittagong,NA,BGD.2.4_1,Chittagong,NA,Bakalia,NA,NA,Upazilla,Upazilla,201510,NA,91.88666666666535,22.417500000244665,,
197,1.807669162750244,Fluvial Defended,10,BGD.2.4.2_1,BGD,Bangladesh,BGD.2_1,Chittagong,NA,BGD.2.4_1,Chittagong,NA,Bakalia,NA,NA,Upazilla,Upazilla,201510,NA,91.88749999999867,22.417500000244665,,
198,1.368525266647339,Fluvial Defended,10,BGD.2.4.2_1,BGD,Bangladesh,BGD.2_1,Chittagong,NA,BGD.2.4_1,Chittagong,NA,Bakalia,NA,NA,Upazilla,Upazilla,201510,NA,91.888333333332,22.417500000244665,,
199,0.874911546707153,Fluvial Defended,10,BGD.2.4.2_1,BGD,Bangladesh,BGD.2_1,Chittagong,NA,BGD.2.4_1,Chittagong,NA,Bakalia,NA,NA,Upazilla,Upazilla,201510,NA,91.88916666666533,22.417500000244665,,
200,0.598410606384277,Fluvial Defended,10,BGD.2.4.2_1,BGD,Bangladesh,BGD.2_1,Chittagong,NA,BGD.2.4_1,Chittagong,NA,Bakalia,NA,NA,Upazilla,Upazilla,201510,NA,91.8899882980088,22.417487500015454,,
201,2.403100967407227,Fluvial Defended,10,BGD.2.4.2_1,BGD,Bangladesh,BGD.2_1,Chittagong,NA,BGD.2.4_1,Chittagong,NA,Bakalia,NA,NA,Upazilla,Upazilla,201510,NA,91.88499999999867,22.41666666691133,,
202,2.594717741012573,Fluvial Defended,10,BGD.2.4.2_1,BGD,Bangladesh,BGD.2_1,Chittagong,NA,BGD.2.4_1,Chittagong,NA,Bakalia,NA,NA,Upazilla,Upazilla,201510,NA,91.885833333332,22.41666666691133,,
203,2.385208129882812,Fluvial Defended,10,BGD.2.4.2_1,BGD,Bangladesh,BGD.2_1,Chittagong,NA,BGD.2.4_1,Chittagong,NA,Bakalia,NA,NA,Upazilla,Upazilla,201510,NA,91.88666666666535,22.41666666691133,,
204,2.014350175857544,Fluvial Defended,10,BGD.2.4.2_1,BGD,Bangladesh,BGD.2_1,Chittagong,NA,BGD.2.4_1,Chittagong,NA,Bakalia,NA,NA,Upazilla,Upazilla,201510,NA,91.88749999999867,22.41666666691133,,
205,1.550416231155396,Fluvial Defended,10,BGD.2.4.2_1,BGD,Bangladesh,BGD.2_1,Chittagong,NA,BGD.2.4_1,Chittagong,NA,Bakalia,NA,NA,Upazilla,Upazilla,201510,NA,91.888333333332,22.41666666691133,,
206,1.037113904953003,Fluvial Defended,10,BGD.2.4.2_1,BGD,Bangladesh,BGD.2_1,Chittagong,NA,BGD.2.4_1,Chittagong,NA,Bakalia,NA,NA,Upazilla,Upazilla,201510,NA,91.88916666666533,22.41666666691133,,
207,0.85276460647583,Fluvial Defended,10,BGD.2.4.2_1,BGD,Bangladesh,BGD.2_1,Chittagong,NA,BGD.2.4_1,Chittagong,NA,Bakalia,NA,NA,Upazilla,Upazilla,201510,NA,91.88999999999866,22.41666666691133,,
208,0.951875925064087,Fluvial Defended,10,BGD.2.4.2_1,BGD,Bangladesh,BGD.2_1,Chittagong,NA,BGD.2.4_1,Chittagong,NA,Bakalia,NA,NA,Upazilla,Upazilla,201510,NA,91.89083333333201,22.41666666691133,,
209,1.049726247787476,Fluvial Defended,10,BGD.2.4.2_1,BGD,Bangladesh,BGD.2_1,Chittagong,NA,BGD.2.4_1,Chittagong,NA,Bakalia,NA,NA,Upazilla,Upazilla,201510,NA,91.89158715620536,22.416558158927465,,
210,2.316568613052368,Fluvial Defended,10,BGD.2.4.2_1,BGD,Bangladesh,BGD.2_1,Chittagong,NA,BGD.2.4_1,Chittagong,NA,Bakalia,NA,NA,Upazilla,Upazilla,201510,NA,91.88583333333202,22.415833333577996,,
211,2.332096099853516,Fluvial Defended,10,BGD.2.4.2_1,BGD,Bangladesh,BGD.2_1,Chittagong,NA,BGD.2.4_1,Chittagong,NA,Bakalia,NA,NA,Upazilla,Upazilla,201510,NA,91.88666666666535,22.415833333577996,,
212,2.427684545516968,Fluvial Defended,10,BGD.2.4.2_1,BGD,Bangladesh,BGD.2_1,Chittagong,NA,BGD.2.4_1,Chittagong,NA,Bakalia,NA,NA,Upazilla,Upazilla,201510,NA,91.88749999999868,22.415833333577996,,
213,1.803784132003784,Fluvial Defended,10,BGD.2.4.2_1,BGD,Bangladesh,BGD.2_1,Chittagong,NA,BGD.2.4_1,Chittagong,NA,Bakalia,NA,NA,Upazilla,Upazilla,201510,NA,91.88833333333199,22.415833333577996,,
214,1.311972379684448,Fluvial Defended,10,BGD.2.4.2_1,BGD,Bangladesh,BGD.2_1,Chittagong,NA,BGD.2.4_1,Chittagong,NA,Bakalia,NA,NA,Upazilla,Upazilla,201510,NA,91.88916666666535,22.415833333577996,,
215,1.123340368270874,Fluvial Defended,10,BGD.2.4.2_1,BGD,Bangladesh,BGD.2_1,Chittagong,NA,BGD.2.4_1,Chittagong,NA,Bakalia,NA,NA,Upazilla,Upazilla,201510,NA,91.88999999999868,22.415833333577996,,
216,1.163713693618774,Fluvial Defended,10,BGD.2.4.2_1,BGD,Bangladesh,BGD.2_1,Chittagong,NA,BGD.2.4_1,Chittagong,NA,Bakalia,NA,NA,Upazilla,Upazilla,201510,NA,91.89083333333201,22.415833333577996,,
217,1.189805030822754,Fluvial Defended,10,BGD.2.4.2_1,BGD,Bangladesh,BGD.2_1,Chittagong,NA,BGD.2.4_1,Chittagong,NA,Bakalia,NA,NA,Upazilla,Upazilla,201510,NA,91.89166666666533,22.415833333577996,,
218,1.166526079177856,Fluvial Defended,10,BGD.2.4.2_1,BGD,Bangladesh,BGD.2_1,Chittagong,NA,BGD.2.4_1,Chittagong,NA,Bakalia,NA,NA,Upazilla,Upazilla,201510,NA,91.8924326821641,22.415763480006415,,
219,2.270246505737305,Fluvial Defended,10,BGD.2.4.2_1,BGD,Bangladesh,BGD.2_1,Chittagong,NA,BGD.2.4_1,Chittagong,NA,Bakalia,NA,NA,Upazilla,Upazilla,201510,NA,91.88749999999867,22.415000000244667,,
220,2.321525096893311,Fluvial Defended,10,BGD.2.4.2_1,BGD,Bangladesh,BGD.2_1,Chittagong,NA,BGD.2.4_1,Chittagong,NA,Bakalia,NA,NA,Upazilla,Upazilla,201510,NA,91.888333333332,22.415000000244667,,
221,1.790098428726196,Fluvial Defended,10,BGD.2.4.2_1,BGD,Bangladesh,BGD.2_1,Chittagong,NA,BGD.2.4_1,Chittagong,NA,Bakalia,NA,NA,Upazilla,Upazilla,201510,NA,91.88916666666533,22.415000000244667,,
222,1.461340427398682,Fluvial Defended,10,BGD.2.4.2_1,BGD,Bangladesh,BGD.2_1,Chittagong,NA,BGD.2.4_1,Chittagong,NA,Bakalia,NA,NA,Upazilla,Upazilla,201510,NA,91.88999999999866,22.415000000244667,,
223,1.333544731140137,Fluvial Defended,10,BGD.2.4.2_1,BGD,Bangladesh,BGD.2_1,Chittagong,NA,BGD.2.4_1,Chittagong,NA,Bakalia,NA,NA,Upazilla,Upazilla,201510,NA,91.89083333333201,22.415000000244667,,
224,1.298933029174805,Fluvial Defended,10,BGD.2.4.2_1,BGD,Bangladesh,BGD.2_1,Chittagong,NA,BGD.2.4_1,Chittagong,NA,Bakalia,NA,NA,Upazilla,Upazilla,201510,NA,91.89166666666534,22.415000000244667,,
225,1.396679639816284,Fluvial Defended,10,BGD.2.4.2_1,BGD,Bangladesh,BGD.2_1,Chittagong,NA,BGD.2.4_1,Chittagong,NA,Bakalia,NA,NA,Upazilla,Upazilla,201510,NA,91.89249999999866,22.415000000244664,,
226,1.502484321594238,Fluvial Defended,10,BGD.2.4.2_1,BGD,Bangladesh,BGD.2_1,Chittagong,NA,BGD.2.4_1,Chittagong,NA,Bakalia,NA,NA,Upazilla,Upazilla,201510,NA,91.89327348656273,22.41493815943612,,
227,2.142514228820801,Fluvial Defended,10,BGD.2.4.2_1,BGD,Bangladesh,BGD.2_1,Chittagong,NA,BGD.2.4_1,Chittagong,NA,Bakalia,NA,NA,Upazilla,Upazilla,201510,NA,91.888333333332,22.414166666911335,,
228,1.996980905532837,Fluvial Defended,10,BGD.2.4.2_1,BGD,Bangladesh,BGD.2_1,Chittagong,NA,BGD.2.4_1,Chittagong,NA,Bakalia,NA,NA,Upazilla,Upazilla,201510,NA,91.88916666666533,22.414166666911335,,
229,1.931565999984741,Fluvial Defended,10,BGD.2.4.2_1,BGD,Bangladesh,BGD.2_1,Chittagong,NA,BGD.2.4_1,Chittagong,NA,Bakalia,NA,NA,Upazilla,Upazilla,201510,NA,91.88999999999866,22.414166666911335,,
230,1.579367399215698,Fluvial Defended,10,BGD.2.4.2_1,BGD,Bangladesh,BGD.2_1,Chittagong,NA,BGD.2.4_1,Chittagong,NA,Bakalia,NA,NA,Upazilla,Upazilla,201510,NA,91.89083333333201,22.414166666911335,,
231,1.558098077774048,Fluvial Defended,10,BGD.2.4.2_1,BGD,Bangladesh,BGD.2_1,Chittagong,NA,BGD.2.4_1,Chittagong,NA,Bakalia,NA,NA,Upazilla,Upazilla,201510,NA,91.89166666666534,22.414166666911335,,
232,1.754443645477295,Fluvial Defended,10,BGD.2.4.2_1,BGD,Bangladesh,BGD.2_1,Chittagong,NA,BGD.2.4_1,Chittagong,NA,Bakalia,NA,NA,Upazilla,Upazilla,201510,NA,91.89249999999866,22.414166666911335,,
233,1.948384761810303,Fluvial Defended,10,BGD.2.4.2_1,BGD,Bangladesh,BGD.2_1,Chittagong,NA,BGD.2.4_1,Chittagong,NA,Bakalia,NA,NA,Upazilla,Upazilla,201510,NA,91.893333333332,22.414166666911335,,
234,2.108423948287964,Fluvial Defended,10,BGD.2.4.2_1,BGD,Bangladesh,BGD.2_1,Chittagong,NA,BGD.2.4_1,Chittagong,NA,Bakalia,NA,NA,Upazilla,Upazilla,201510,NA,91.8940748112747,22.414098276945545,,
235,2.122206211090088,Fluvial Defended,10,BGD.2.4.2_1,BGD,Bangladesh,BGD.2_1,Chittagong,NA,BGD.2.4_1,Chittagong,NA,Bakalia,NA,NA,Upazilla,Upazilla,201510,NA,91.88916666666533,22.413333333578,,
236,2.133427381515503,Fluvial Defended,10,BGD.2.4.2_1,BGD,Bangladesh,BGD.2_1,Chittagong,NA,BGD.2.4_1,Chittagong,NA,Bakalia,NA,NA,Upazilla,Upazilla,201510,NA,91.88999999999866,22.413333333578,,
237,2.15558385848999,Fluvial Defended,10,BGD.2.4.2_1,BGD,Bangladesh,BGD.2_1,Chittagong,NA,BGD.2.4_1,Chittagong,NA,Bakalia,NA,NA,Upazilla,Upazilla,201510,NA,91.89083333333201,22.413333333578,,
238,2.13105297088623,Fluvial Defended,10,BGD.2.4.2_1,BGD,Bangladesh,BGD.2_1,Chittagong,NA,BGD.2.4_1,Chittagong,NA,Bakalia,NA,NA,Upazilla,Upazilla,201510,NA,91.89166666666534,22.413333333578,,
239,2.226657152175903,Fluvial Defended,10,BGD.2.4.2_1,BGD,Bangladesh,BGD.2_1,Chittagong,NA,BGD.2.4_1,Chittagong,NA,Bakalia,NA,NA,Upazilla,Upazilla,201510,NA,91.89249999999866,22.413333333577995,,
240,2.428028106689453,Fluvial Defended,10,BGD.2.4.2_1,BGD,Bangladesh,BGD.2_1,Chittagong,NA,BGD.2.4_1,Chittagong,NA,Bakalia,NA,NA,Upazilla,Upazilla,201510,NA,91.893333333332,22.413333333578,,
241,2.533126354217529,Fluvial Defended,10,BGD.2.4.2_1,BGD,Bangladesh,BGD.2_1,Chittagong,NA,BGD.2.4_1,Chittagong,NA,Bakalia,NA,NA,Upazilla,Upazilla,201510,NA,91.89416666666536,22.413333333578,,
242,2.434605121612549,Fluvial Defended,10,BGD.2.4.2_1,BGD,Bangladesh,BGD.2_1,Chittagong,NA,BGD.2.4_1,Chittagong,NA,Bakalia,NA,NA,Upazilla,Upazilla,201510,NA,91.89083333333201,22.412500000244666,,
243,2.583746194839478,Fluvial Defended,10,BGD.2.4.2_1,BGD,Bangladesh,BGD.2_1,Chittagong,NA,BGD.2.4_1,Chittagong,NA,Bakalia,NA,NA,Upazilla,Upazilla,201510,NA,91.89166666666534,22.412500000244666,,
244,2.542194604873657,Fluvial Defended,10,BGD.2.4.2_1,BGD,Bangladesh,BGD.2_1,Chittagong,NA,BGD.2.4_1,Chittagong,NA,Bakalia,NA,NA,Upazilla,Upazilla,201510,NA,91.89249999999866,22.41250000024467,,
245,2.610177755355835,Fluvial Defended,10,BGD.2.4.2_1,BGD,Bangladesh,BGD.2_1,Chittagong,NA,BGD.2.4_1,Chittagong,NA,Bakalia,NA,NA,Upazilla,Upazilla,201510,NA,91.893333333332,22.412500000244666,,
246,2.588237524032593,Fluvial Defended,10,BGD.2.4.2_1,BGD,Bangladesh,BGD.2_1,Chittagong,NA,BGD.2.4_1,Chittagong,NA,Bakalia,NA,NA,Upazilla,Upazilla,201510,NA,91.89416666666536,22.412500000244666,,
247,2.576765537261963,Fluvial Defended,10,BGD.2.4.2_1,BGD,Bangladesh,BGD.2_1,Chittagong,NA,BGD.2.4_1,Chittagong,NA,Bakalia,NA,NA,Upazilla,Upazilla,201510,NA,91.89491033732098,22.412471199199793,,
248,2.674830436706543,Fluvial Defended,10,BGD.2.4.2_1,BGD,Bangladesh,BGD.2_1,Chittagong,NA,BGD.2.4_1,Chittagong,NA,Bakalia,NA,NA,Upazilla,Upazilla,201510,NA,91.89083333333201,22.411666666911334,,
249,2.953672885894775,Fluvial Defended,10,BGD.2.4.2_1,BGD,Bangladesh,BGD.2_1,Chittagong,NA,BGD.2.4_1,Chittagong,NA,Bakalia,NA,NA,Upazilla,Upazilla,201510,NA,91.89166666666533,22.411666666911334,,
250,2.701521396636963,Fluvial Defended,10,BGD.2.4.2_1,BGD,Bangladesh,BGD.2_1,Chittagong,NA,BGD.2.4_1,Chittagong,NA,Bakalia,NA,NA,Upazilla,Upazilla,201510,NA,91.89249999999866,22.41166666691133,,
251,2.593601703643799,Fluvial Defended,10,BGD.2.4.2_1,BGD,Bangladesh,BGD.2_1,Chittagong,NA,BGD.2.4_1,Chittagong,NA,Bakalia,NA,NA,Upazilla,Upazilla,201510,NA,91.89333333333201,22.411666666911334,,
252,2.482481956481934,Fluvial Defended,10,BGD.2.4.2_1,BGD,Bangladesh,BGD.2_1,Chittagong,NA,BGD.2.4_1,Chittagong,NA,Bakalia,NA,NA,Upazilla,Upazilla,201510,NA,91.89416666666534,22.411666666911334,,
253,2.390775680541992,Fluvial Defended,10,BGD.2.4.2_1,BGD,Bangladesh,BGD.2_1,Chittagong,NA,BGD.2.4_1,Chittagong,NA,Bakalia,NA,NA,Upazilla,Upazilla,201510,NA,91.89499729112704,22.411664221213908,,
254,2.82376766204834,Fluvial Defended,10,BGD.2.4.2_1,BGD,Bangladesh,BGD.2_1,Chittagong,NA,BGD.2.4_1,Chittagong,NA,Bakalia,NA,NA,Upazilla,Upazilla,201510,NA,91.89083333333201,22.410833333577997,,
255,3.233743190765381,Fluvial Defended,10,BGD.2.4.2_1,BGD,Bangladesh,BGD.2_1,Chittagong,NA,BGD.2.4_1,Chittagong,NA,Bakalia,NA,NA,Upazilla,Upazilla,201510,NA,91.89166666666534,22.410833333577997,,
256,2.85168194770813,Fluvial Defended,10,BGD.2.4.2_1,BGD,Bangladesh,BGD.2_1,Chittagong,NA,BGD.2.4_1,Chittagong,NA,Bakalia,NA,NA,Upazilla,Upazilla,201510,NA,91.89249999999866,22.410833333577997,,
257,2.527445793151855,Fluvial Defended,10,BGD.2.4.2_1,BGD,Bangladesh,BGD.2_1,Chittagong,NA,BGD.2.4_1,Chittagong,NA,Bakalia,NA,NA,Upazilla,Upazilla,201510,NA,91.893333333332,22.410833333577997,,
258,2.329474687576294,Fluvial Defended,10,BGD.2.4.2_1,BGD,Bangladesh,BGD.2_1,Chittagong,NA,BGD.2.4_1,Chittagong,NA,Bakalia,NA,NA,Upazilla,Upazilla,201510,NA,91.89416666666536,22.410833333577997,,
259,2.139814615249634,Fluvial Defended,10,BGD.2.4.2_1,BGD,Bangladesh,BGD.2_1,Chittagong,NA,BGD.2.4_1,Chittagong,NA,Bakalia,NA,NA,Upazilla,Upazilla,201510,NA,91.89499999999867,22.410833333577997,,
260,2.986233949661255,Fluvial Defended,10,BGD.2.4.2_1,BGD,Bangladesh,BGD.2_1,Chittagong,NA,BGD.2.4_1,Chittagong,NA,Bakalia,NA,NA,Upazilla,Upazilla,201510,NA,91.89166666666534,22.41000000024467,,
261,2.99387264251709,Fluvial Defended,10,BGD.2.4.2_1,BGD,Bangladesh,BGD.2_1,Chittagong,NA,BGD.2.4_1,Chittagong,NA,Bakalia,NA,NA,Upazilla,Upazilla,201510,NA,91.89249999999866,22.410000000244665,,
262,2.54920482635498,Fluvial Defended,10,BGD.2.4.2_1,BGD,Bangladesh,BGD.2_1,Chittagong,NA,BGD.2.4_1,Chittagong,NA,Bakalia,NA,NA,Upazilla,Upazilla,201510,NA,91.893333333332,22.41000000024467,,
263,2.26902174949646,Fluvial Defended,10,BGD.2.4.2_1,BGD,Bangladesh,BGD.2_1,Chittagong,NA,BGD.2.4_1,Chittagong,NA,Bakalia,NA,NA,Upazilla,Upazilla,201510,NA,91.89416666666536,22.41000000024467,,
264,1.959947347640991,Fluvial Defended,10,BGD.2.4.2_1,BGD,Bangladesh,BGD.2_1,Chittagong,NA,BGD.2.4_1,Chittagong,NA,Bakalia,NA,NA,Upazilla,Upazilla,201510,NA,91.89499999999867,22.41000000024467,,
265,2.925035238265991,Fluvial Defended,10,BGD.2.4.2_1,BGD,Bangladesh,BGD.2_1,Chittagong,NA,BGD.2.4_1,Chittagong,NA,Bakalia,NA,NA,Upazilla,Upazilla,201510,NA,91.89166666666534,22.40916666691133,,
266,3.132278442382812,Fluvial Defended,10,BGD.2.4.2_1,BGD,Bangladesh,BGD.2_1,Chittagong,NA,BGD.2.4_1,Chittagong,NA,Bakalia,NA,NA,Upazilla,Upazilla,201510,NA,91.89249999999866,22.409166666911332,,
267,2.627569675445557,Fluvial Defended,10,BGD.2.4.2_1,BGD,Bangladesh,BGD.2_1,Chittagong,NA,BGD.2.4_1,Chittagong,NA,Bakalia,NA,NA,Upazilla,Upazilla,201510,NA,91.893333333332,22.40916666691133,,
268,2.39704442024231,Fluvial Defended,10,BGD.2.4.2_1,BGD,Bangladesh,BGD.2_1,Chittagong,NA,BGD.2.4_1,Chittagong,NA,Bakalia,NA,NA,Upazilla,Upazilla,201510,NA,91.89416666666536,22.40916666691133,,
269,2.143826723098755,Fluvial Defended,10,BGD.2.4.2_1,BGD,Bangladesh,BGD.2_1,Chittagong,NA,BGD.2.4_1,Chittagong,NA,Bakalia,NA,NA,Upazilla,Upazilla,201510,NA,91.89499999999867,22.40916666691133,,
270,1.759817123413086,Fluvial Defended,10,BGD.2.4.2_1,BGD,Bangladesh,BGD.2_1,Chittagong,NA,BGD.2.4_1,Chittagong,NA,Bakalia,NA,NA,Upazilla,Upazilla,201510,NA,91.89562772313649,22.409146369557384,,
271,2.837875843048096,Fluvial Defended,10,BGD.2.4.2_1,BGD,Bangladesh,BGD.2_1,Chittagong,NA,BGD.2.4_1,Chittagong,NA,Bakalia,NA,NA,Upazilla,Upazilla,201510,NA,91.89166666666534,22.408333333578,,
272,3.116491317749023,Fluvial Defended,10,BGD.2.4.2_1,BGD,Bangladesh,BGD.2_1,Chittagong,NA,BGD.2.4_1,Chittagong,NA,Bakalia,NA,NA,Upazilla,Upazilla,201510,NA,91.89249999999866,22.408333333578,,
273,2.673063278198242,Fluvial Defended,10,BGD.2.4.2_1,BGD,Bangladesh,BGD.2_1,Chittagong,NA,BGD.2.4_1,Chittagong,NA,Bakalia,NA,NA,Upazilla,Upazilla,201510,NA,91.893333333332,22.408333333578,,
274,2.503848552703857,Fluvial Defended,10,BGD.2.4.2_1,BGD,Bangladesh,BGD.2_1,Chittagong,NA,BGD.2.4_1,Chittagong,NA,Bakalia,NA,NA,Upazilla,Upazilla,201510,NA,91.89416666666536,22.408333333578,,
275,2.501693248748779,Fluvial Defended,10,BGD.2.4.2_1,BGD,Bangladesh,BGD.2_1,Chittagong,NA,BGD.2.4_1,Chittagong,NA,Bakalia,NA,NA,Upazilla,Upazilla,201510,NA,91.89499999999867,22.408333333578,,
276,2.381045579910278,Fluvial Defended,10,BGD.2.4.2_1,BGD,Bangladesh,BGD.2_1,Chittagong,NA,BGD.2.4_1,Chittagong,NA,Bakalia,NA,NA,Upazilla,Upazilla,201510,NA,91.89568877787481,22.40831785528212,,
277,2.829562664031982,Fluvial Defended,10,BGD.2.4.2_1,BGD,Bangladesh,BGD.2_1,Chittagong,NA,BGD.2.4_1,Chittagong,NA,Bakalia,NA,NA,Upazilla,Upazilla,201510,NA,91.89249999999866,22.407500000244667,,
278,2.78981876373291,Fluvial Defended,10,BGD.2.4.2_1,BGD,Bangladesh,BGD.2_1,Chittagong,NA,BGD.2.4_1,Chittagong,NA,Bakalia,NA,NA,Upazilla,Upazilla,201510,NA,91.89333333333201,22.407500000244667,,
279,2.71812629699707,Fluvial Defended,10,BGD.2.4.2_1,BGD,Bangladesh,BGD.2_1,Chittagong,NA,BGD.2.4_1,Chittagong,NA,Bakalia,NA,NA,Upazilla,Upazilla,201510,NA,91.89416666666534,22.407500000244667,,
280,2.977476596832275,Fluvial Defended,10,BGD.2.4.2_1,BGD,Bangladesh,BGD.2_1,Chittagong,NA,BGD.2.4_1,Chittagong,NA,Bakalia,NA,NA,Upazilla,Upazilla,201510,NA,91.89499999999867,22.407500000244667,,
281,2.563723564147949,Fluvial Defended,10,BGD.2.4.2_1,BGD,Bangladesh,BGD.2_1,Chittagong,NA,BGD.2.4_1,Chittagong,NA,Bakalia,NA,NA,Upazilla,Upazilla,201510,NA,91.89572825687615,22.407494309251305,,
282,2.748399257659912,Fluvial Defended,10,BGD.2.4.2_1,BGD,Bangladesh,BGD.2_1,Chittagong,NA,BGD.2.4_1,Chittagong,NA,Bakalia,NA,NA,Upazilla,Upazilla,201510,NA,91.89249999999866,22.406666666911327,,
283,3.17712926864624,Fluvial Defended,10,BGD.2.4.2_1,BGD,Bangladesh,BGD.2_1,Chittagong,NA,BGD.2.4_1,Chittagong,NA,Bakalia,NA,NA,Upazilla,Upazilla,201510,NA,91.893333333332,22.40666666691133,,
284,2.808813571929932,Fluvial Defended,10,BGD.2.4.2_1,BGD,Bangladesh,BGD.2_1,Chittagong,NA,BGD.2.4_1,Chittagong,NA,Bakalia,NA,NA,Upazilla,Upazilla,201510,NA,91.89416666666536,22.40666666691133,,
285,2.718409299850464,Fluvial Defended,10,BGD.2.4.2_1,BGD,Bangladesh,BGD.2_1,Chittagong,NA,BGD.2.4_1,Chittagong,NA,Bakalia,NA,NA,Upazilla,Upazilla,201510,NA,91.89499999999867,22.40666666691133,,
286,2.68111515045166,Fluvial Defended,10,BGD.2.4.2_1,BGD,Bangladesh,BGD.2_1,Chittagong,NA,BGD.2.4_1,Chittagong,NA,Bakalia,NA,NA,Upazilla,Upazilla,201510,NA,91.893333333332,22.405833333577995,,
287,2.621593713760376,Fluvial Defended,10,BGD.2.4.2_1,BGD,Bangladesh,BGD.2_1,Chittagong,NA,BGD.2.4_1,Chittagong,NA,Bakalia,NA,NA,Upazilla,Upazilla,201510,NA,91.89416666666536,22.405833333577995,,
288,2.038914918899536,Fluvial Defended,10,BGD.2.4.2_1,BGD,Bangladesh,BGD.2_1,Chittagong,NA,BGD.2.4_1,Chittagong,NA,Bakalia,NA,NA,Upazilla,Upazilla,201510,NA,91.89562755454384,22.401689729722474,,
289,2.134692192077637,Fluvial Defended,10,BGD.2.4.2_1,BGD,Bangladesh,BGD.2_1,Chittagong,NA,BGD.2.4_1,Chittagong,NA,Bakalia,NA,NA,Upazilla,Upazilla,201510,NA,91.89499999999867,22.400833333578007,,
290,2.107710838317871,Fluvial Defended,10,BGD.2.4.2_1,BGD,Bangladesh,BGD.2_1,Chittagong,NA,BGD.2.4_1,Chittagong,NA,Bakalia,NA,NA,Upazilla,Upazilla,201510,NA,91.89416666666534,22.400000000244667,,
291,2.033333301544189,Fluvial Defended,10,BGD.2.4.2_1,BGD,Bangladesh,BGD.2_1,Chittagong,NA,BGD.2.4_1,Chittagong,NA,Bakalia,NA,NA,Upazilla,Upazilla,201510,NA,91.89497274243402,22.400018222723247,,
292,2.23071551322937,Fluvial Defended,10,BGD.2.4.2_1,BGD,Bangladesh,BGD.2_1,Chittagong,NA,BGD.2.4_1,Chittagong,NA,Bakalia,NA,NA,Upazilla,Upazilla,201510,NA,91.893333333332,22.399166666911334,,
293,2.029187440872192,Fluvial Defended,10,BGD.2.4.2_1,BGD,Bangladesh,BGD.2_1,Chittagong,NA,BGD.2.4_1,Chittagong,NA,Bakalia,NA,NA,Upazilla,Upazilla,201510,NA,91.89416666666536,22.399166666911334,,
294,1.203664779663086,Fluvial Defended,10,BGD.2.4.2_1,BGD,Bangladesh,BGD.2_1,Chittagong,NA,BGD.2.4_1,Chittagong,NA,Bakalia,NA,NA,Upazilla,Upazilla,201510,NA,91.8948432591044,22.39920581789319,,
295,2.296837329864502,Fluvial Defended,10,BGD.2.4.2_1,BGD,Bangladesh,BGD.2_1,Chittagong,NA,BGD.2.4_1,Chittagong,NA,Bakalia,NA,NA,Upazilla,Upazilla,201510,NA,91.89249999999866,22.398333333578,,
296,2.40603232383728,Fluvial Defended,10,BGD.2.4.2_1,BGD,Bangladesh,BGD.2_1,Chittagong,NA,BGD.2.4_1,Chittagong,NA,Bakalia,NA,NA,Upazilla,Upazilla,201510,NA,91.893333333332,22.398333333578,,
297,1.490610361099243,Fluvial Defended,10,BGD.2.4.2_1,BGD,Bangladesh,BGD.2_1,Chittagong,NA,BGD.2.4_1,Chittagong,NA,Bakalia,NA,NA,Upazilla,Upazilla,201510,NA,91.89416666666536,22.398333333578,,
298,2.304377317428589,Fluvial Defended,10,BGD.2.4.2_1,BGD,Bangladesh,BGD.2_1,Chittagong,NA,BGD.2.4_1,Chittagong,NA,Bakalia,NA,NA,Upazilla,Upazilla,201510,NA,91.89166666666534,22.397500000244666,,
299,2.175149440765381,Fluvial Defended,10,BGD.2.4.2_1,BGD,Bangladesh,BGD.2_1,Chittagong,NA,BGD.2.4_1,Chittagong,NA,Bakalia,NA,NA,Upazilla,Upazilla,201510,NA,91.89249999999866,22.397500000244666,,
300,1.840377330780029,Fluvial Defended,10,BGD.2.4.2_1,BGD,Bangladesh,BGD.2_1,Chittagong,NA,BGD.2.4_1,Chittagong,NA,Bakalia,NA,NA,Upazilla,Upazilla,201510,NA,91.893333333332,22.397500000244666,,
301,1.126066446304321,Fluvial Defended,10,BGD.2.4.2_1,BGD,Bangladesh,BGD.2_1,Chittagong,NA,BGD.2.4_1,Chittagong,NA,Bakalia,NA,NA,Upazilla,Upazilla,201510,NA,91.89413214547848,22.397521349052607,,
302,2.347223281860352,Fluvial Defended,10,BGD.2.4.2_1,BGD,Bangladesh,BGD.2_1,Chittagong,NA,BGD.2.4_1,Chittagong,NA,Bakalia,NA,NA,Upazilla,Upazilla,201510,NA,91.89166666666534,22.396666666911333,,
303,2.25814962387085,Fluvial Defended,10,BGD.2.4.2_1,BGD,Bangladesh,BGD.2_1,Chittagong,NA,BGD.2.4_1,Chittagong,NA,Bakalia,NA,NA,Upazilla,Upazilla,201510,NA,91.89249999999866,22.396666666911333,,
304,1.579548835754395,Fluvial Defended,10,BGD.2.4.2_1,BGD,Bangladesh,BGD.2_1,Chittagong,NA,BGD.2.4_1,Chittagong,NA,Bakalia,NA,NA,Upazilla,Upazilla,201510,NA,91.893333333332,22.396666666911333,,
305,1.009160995483398,Fluvial Defended,10,BGD.2.4.2_1,BGD,Bangladesh,BGD.2_1,Chittagong,NA,BGD.2.4_1,Chittagong,NA,Bakalia,NA,NA,Upazilla,Upazilla,201510,NA,91.89399919893624,22.39670564152196,,
306,2.377609729766846,Fluvial Defended,10,BGD.2.4.2_1,BGD,Bangladesh,BGD.2_1,Chittagong,NA,BGD.2.4_1,Chittagong,NA,Bakalia,NA,NA,Upazilla,Upazilla,201510,NA,91.89083333333201,22.395833333577997,,
307,2.454941749572754,Fluvial Defended,10,BGD.2.4.2_1,BGD,Bangladesh,BGD.2_1,Chittagong,NA,BGD.2.4_1,Chittagong,NA,Bakalia,NA,NA,Upazilla,Upazilla,201510,NA,91.89166666666533,22.395833333577997,,
308,1.809208631515503,Fluvial Defended,10,BGD.2.4.2_1,BGD,Bangladesh,BGD.2_1,Chittagong,NA,BGD.2.4_1,Chittagong,NA,Bakalia,NA,NA,Upazilla,Upazilla,201510,NA,91.89249999999866,22.395833333577993,,
309,1.347630262374878,Fluvial Defended,10,BGD.2.4.2_1,BGD,Bangladesh,BGD.2_1,Chittagong,NA,BGD.2.4_1,Chittagong,NA,Bakalia,NA,NA,Upazilla,Upazilla,201510,NA,91.89333333333201,22.395833333577997,,
310,0.9293532371521,Fluvial Defended,10,BGD.2.4.2_1,BGD,Bangladesh,BGD.2_1,Chittagong,NA,BGD.2.4_1,Chittagong,NA,Bakalia,NA,NA,Upazilla,Upazilla,201510,NA,91.89399457634664,22.39580589868457,,
311,2.298605442047119,Fluvial Defended,10,BGD.2.4.2_1,BGD,Bangladesh,BGD.2_1,Chittagong,NA,BGD.2.4_1,Chittagong,NA,Bakalia,NA,NA,Upazilla,Upazilla,201510,NA,91.89083333333201,22.395000000244664,,
312,2.081121683120728,Fluvial Defended,10,BGD.2.4.2_1,BGD,Bangladesh,BGD.2_1,Chittagong,NA,BGD.2.4_1,Chittagong,NA,Bakalia,NA,NA,Upazilla,Upazilla,201510,NA,91.89166666666534,22.395000000244664,,
313,1.553702592849731,Fluvial Defended,10,BGD.2.4.2_1,BGD,Bangladesh,BGD.2_1,Chittagong,NA,BGD.2.4_1,Chittagong,NA,Bakalia,NA,NA,Upazilla,Upazilla,201510,NA,91.89249999999866,22.39500000024466,,
314,1.19507884979248,Fluvial Defended,10,BGD.2.4.2_1,BGD,Bangladesh,BGD.2_1,Chittagong,NA,BGD.2.4_1,Chittagong,NA,Bakalia,NA,NA,Upazilla,Upazilla,201510,NA,91.893333333332,22.395000000244664,,
315,0.767912626266479,Fluvial Defended,10,BGD.2.4.2_1,BGD,Bangladesh,BGD.2_1,Chittagong,NA,BGD.2.4_1,Chittagong,NA,Bakalia,NA,NA,Upazilla,Upazilla,201510,NA,91.894067773579,22.394995630740155,,
316,2.320247173309326,Fluvial Defended,10,BGD.2.4.2_1,BGD,Bangladesh,BGD.2_1,Chittagong,NA,BGD.2.4_1,Chittagong,NA,Bakalia,NA,NA,Upazilla,Upazilla,201510,NA,91.88999999999866,22.394166666911335,,
317,2.392432689666748,Fluvial Defended,10,BGD.2.4.2_1,BGD,Bangladesh,BGD.2_1,Chittagong,NA,BGD.2.4_1,Chittagong,NA,Bakalia,NA,NA,Upazilla,Upazilla,201510,NA,91.89083333333201,22.394166666911335,,
318,1.77463436126709,Fluvial Defended,10,BGD.2.4.2_1,BGD,Bangladesh,BGD.2_1,Chittagong,NA,BGD.2.4_1,Chittagong,NA,Bakalia,NA,NA,Upazilla,Upazilla,201510,NA,91.89166666666534,22.394166666911335,,
319,1.360476970672607,Fluvial Defended,10,BGD.2.4.2_1,BGD,Bangladesh,BGD.2_1,Chittagong,NA,BGD.2.4_1,Chittagong,NA,Bakalia,NA,NA,Upazilla,Upazilla,201510,NA,91.89249999999866,22.39416666691133,,
320,0.984192371368408,Fluvial Defended,10,BGD.2.4.2_1,BGD,Bangladesh,BGD.2_1,Chittagong,NA,BGD.2.4_1,Chittagong,NA,Bakalia,NA,NA,Upazilla,Upazilla,201510,NA,91.893333333332,22.394166666911335,,
321,0.634752511978149,Fluvial Defended,10,BGD.2.4.2_1,BGD,Bangladesh,BGD.2_1,Chittagong,NA,BGD.2.4_1,Chittagong,NA,Bakalia,NA,NA,Upazilla,Upazilla,201510,NA,91.89404045836075,22.394176868232126,,
322,2.21238374710083,Fluvial Defended,10,BGD.2.4.2_1,BGD,Bangladesh,BGD.2_1,Chittagong,NA,BGD.2.4_1,Chittagong,NA,Bakalia,NA,NA,Upazilla,Upazilla,201510,NA,91.88999999999866,22.393333333577996,,
323,2.126713514328003,Fluvial Defended,10,BGD.2.4.2_1,BGD,Bangladesh,BGD.2_1,Chittagong,NA,BGD.2.4_1,Chittagong,NA,Bakalia,NA,NA,Upazilla,Upazilla,201510,NA,91.89083333333201,22.393333333577996,,
324,1.654790878295898,Fluvial Defended,10,BGD.2.4.2_1,BGD,Bangladesh,BGD.2_1,Chittagong,NA,BGD.2.4_1,Chittagong,NA,Bakalia,NA,NA,Upazilla,Upazilla,201510,NA,91.89166666666534,22.393333333577996,,
325,1.236227989196777,Fluvial Defended,10,BGD.2.4.2_1,BGD,Bangladesh,BGD.2_1,Chittagong,NA,BGD.2.4_1,Chittagong,NA,Bakalia,NA,NA,Upazilla,Upazilla,201510,NA,91.89249999999866,22.393333333577996,,
326,0.839141607284546,Fluvial Defended,10,BGD.2.4.2_1,BGD,Bangladesh,BGD.2_1,Chittagong,NA,BGD.2.4_1,Chittagong,NA,Bakalia,NA,NA,Upazilla,Upazilla,201510,NA,91.893333333332,22.393333333577996,,
327,0.453097820281982,Fluvial Defended,10,BGD.2.4.2_1,BGD,Bangladesh,BGD.2_1,Chittagong,NA,BGD.2.4_1,Chittagong,NA,Bakalia,NA,NA,Upazilla,Upazilla,201510,NA,91.89397915106788,22.393375913741455,,
328,2.21793794631958,Fluvial Defended,10,BGD.2.4.2_1,BGD,Bangladesh,BGD.2_1,Chittagong,NA,BGD.2.4_1,Chittagong,NA,Bakalia,NA,NA,Upazilla,Upazilla,201510,NA,91.88916666666535,22.392500000244667,,
329,2.135834455490112,Fluvial Defended,10,BGD.2.4.2_1,BGD,Bangladesh,BGD.2_1,Chittagong,NA,BGD.2.4_1,Chittagong,NA,Bakalia,NA,NA,Upazilla,Upazilla,201510,NA,91.88999999999868,22.392500000244667,,
330,1.801893472671509,Fluvial Defended,10,BGD.2.4.2_1,BGD,Bangladesh,BGD.2_1,Chittagong,NA,BGD.2.4_1,Chittagong,NA,Bakalia,NA,NA,Upazilla,Upazilla,201510,NA,91.89083333333201,22.392500000244667,,
331,1.471218824386597,Fluvial Defended,10,BGD.2.4.2_1,BGD,Bangladesh,BGD.2_1,Chittagong,NA,BGD.2.4_1,Chittagong,NA,Bakalia,NA,NA,Upazilla,Upazilla,201510,NA,91.89166666666533,22.392500000244667,,
332,1.059295654296875,Fluvial Defended,10,BGD.2.4.2_1,BGD,Bangladesh,BGD.2_1,Chittagong,NA,BGD.2.4_1,Chittagong,NA,Bakalia,NA,NA,Upazilla,Upazilla,201510,NA,91.89249999999866,22.39250000024467,,
333,0.695218086242676,Fluvial Defended,10,BGD.2.4.2_1,BGD,Bangladesh,BGD.2_1,Chittagong,NA,BGD.2.4_1,Chittagong,NA,Bakalia,NA,NA,Upazilla,Upazilla,201510,NA,91.89332684798421,22.392505794697847,,
334,2.212108612060547,Fluvial Defended,10,BGD.2.4.2_1,BGD,Bangladesh,BGD.2_1,Chittagong,NA,BGD.2.4_1,Chittagong,NA,Bakalia,NA,NA,Upazilla,Upazilla,201510,NA,91.88916666666533,22.39166666691133,,
335,2.311065196990967,Fluvial Defended,10,BGD.2.4.2_1,BGD,Bangladesh,BGD.2_1,Chittagong,NA,BGD.2.4_1,Chittagong,NA,Bakalia,NA,NA,Upazilla,Upazilla,201510,NA,91.88999999999866,22.39166666691133,,
336,1.630441904067993,Fluvial Defended,10,BGD.2.4.2_1,BGD,Bangladesh,BGD.2_1,Chittagong,NA,BGD.2.4_1,Chittagong,NA,Bakalia,NA,NA,Upazilla,Upazilla,201510,NA,91.89083333333201,22.39166666691133,,
337,1.258200645446777,Fluvial Defended,10,BGD.2.4.2_1,BGD,Bangladesh,BGD.2_1,Chittagong,NA,BGD.2.4_1,Chittagong,NA,Bakalia,NA,NA,Upazilla,Upazilla,201510,NA,91.89166666666534,22.39166666691133,,
338,0.894326448440552,Fluvial Defended,10,BGD.2.4.2_1,BGD,Bangladesh,BGD.2_1,Chittagong,NA,BGD.2.4_1,Chittagong,NA,Bakalia,NA,NA,Upazilla,Upazilla,201510,NA,91.89249999999866,22.391666666911327,,
339,0.611025333404541,Fluvial Defended,10,BGD.2.4.2_1,BGD,Bangladesh,BGD.2_1,Chittagong,NA,BGD.2.4_1,Chittagong,NA,Bakalia,NA,NA,Upazilla,Upazilla,201510,NA,91.89318269465454,22.39174537327385,,
340,2.103598833084106,Fluvial Defended,10,BGD.2.4.2_1,BGD,Bangladesh,BGD.2_1,Chittagong,NA,BGD.2.4_1,Chittagong,NA,Bakalia,NA,NA,Upazilla,Upazilla,201510,NA,91.88916666666533,22.390833333577998,,
341,2.00596022605896,Fluvial Defended,10,BGD.2.4.2_1,BGD,Bangladesh,BGD.2_1,Chittagong,NA,BGD.2.4_1,Chittagong,NA,Bakalia,NA,NA,Upazilla,Upazilla,201510,NA,91.88999999999866,22.390833333577998,,
342,1.44857931137085,Fluvial Defended,10,BGD.2.4.2_1,BGD,Bangladesh,BGD.2_1,Chittagong,NA,BGD.2.4_1,Chittagong,NA,Bakalia,NA,NA,Upazilla,Upazilla,201510,NA,91.89083333333201,22.390833333577998,,
343,1.060702562332153,Fluvial Defended,10,BGD.2.4.2_1,BGD,Bangladesh,BGD.2_1,Chittagong,NA,BGD.2.4_1,Chittagong,NA,Bakalia,NA,NA,Upazilla,Upazilla,201510,NA,91.89166666666534,22.390833333577998,,
344,0.738331317901611,Fluvial Defended,10,BGD.2.4.2_1,BGD,Bangladesh,BGD.2_1,Chittagong,NA,BGD.2.4_1,Chittagong,NA,Bakalia,NA,NA,Upazilla,Upazilla,201510,NA,91.89244165242113,22.39088309775089,,
345,2.113852500915527,Fluvial Defended,10,BGD.2.4.2_1,BGD,Bangladesh,BGD.2_1,Chittagong,NA,BGD.2.4_1,Chittagong,NA,Bakalia,NA,NA,Upazilla,Upazilla,201510,NA,91.888333333332,22.39000000024466,,
346,2.041893005371094,Fluvial Defended,10,BGD.2.4.2_1,BGD,Bangladesh,BGD.2_1,Chittagong,NA,BGD.2.4_1,Chittagong,NA,Bakalia,NA,NA,Upazilla,Upazilla,201510,NA,91.88916666666533,22.39000000024466,,
347,1.713472366333008,Fluvial Defended,10,BGD.2.4.2_1,BGD,Bangladesh,BGD.2_1,Chittagong,NA,BGD.2.4_1,Chittagong,NA,Bakalia,NA,NA,Upazilla,Upazilla,201510,NA,91.88999999999866,22.39000000024466,,
348,1.355787515640259,Fluvial Defended,10,BGD.2.4.2_1,BGD,Bangladesh,BGD.2_1,Chittagong,NA,BGD.2.4_1,Chittagong,NA,Bakalia,NA,NA,Upazilla,Upazilla,201510,NA,91.89083333333201,22.39000000024466,,
349,0.994778156280518,Fluvial Defended,10,BGD.2.4.2_1,BGD,Bangladesh,BGD.2_1,Chittagong,NA,BGD.2.4_1,Chittagong,NA,Bakalia,NA,NA,Upazilla,Upazilla,201510,NA,91.89164220598762,22.390023583631926,,
350,2.120203018188477,Fluvial Defended,10,BGD.2.4.2_1,BGD,Bangladesh,BGD.2_1,Chittagong,NA,BGD.2.4_1,Chittagong,NA,Bakalia,NA,NA,Upazilla,Upazilla,201510,NA,91.888333333332,22.389166666911336,,
351,2.236283302307129,Fluvial Defended,10,BGD.2.4.2_1,BGD,Bangladesh,BGD.2_1,Chittagong,NA,BGD.2.4_1,Chittagong,NA,Bakalia,NA,NA,Upazilla,Upazilla,201510,NA,91.88916666666533,22.389166666911336,,
352,1.597666501998901,Fluvial Defended,10,BGD.2.4.2_1,BGD,Bangladesh,BGD.2_1,Chittagong,NA,BGD.2.4_1,Chittagong,NA,Bakalia,NA,NA,Upazilla,Upazilla,201510,NA,91.88999999999866,22.389166666911336,,
353,1.226546049118042,Fluvial Defended,10,BGD.2.4.2_1,BGD,Bangladesh,BGD.2_1,Chittagong,NA,BGD.2.4_1,Chittagong,NA,Bakalia,NA,NA,Upazilla,Upazilla,201510,NA,91.89081224444112,22.389187936487815,,
354,2.028140544891357,Fluvial Defended,10,BGD.2.4.2_1,BGD,Bangladesh,BGD.2_1,Chittagong,NA,BGD.2.4_1,Chittagong,NA,Bakalia,NA,NA,Upazilla,Upazilla,201510,NA,91.88833333333199,22.388333333577993,,
355,1.9586181640625,Fluvial Defended,10,BGD.2.4.2_1,BGD,Bangladesh,BGD.2_1,Chittagong,NA,BGD.2.4_1,Chittagong,NA,Bakalia,NA,NA,Upazilla,Upazilla,201510,NA,91.88916666666535,22.388333333577993,,
356,1.424534320831299,Fluvial Defended,10,BGD.2.4.2_1,BGD,Bangladesh,BGD.2_1,Chittagong,NA,BGD.2.4_1,Chittagong,NA,Bakalia,NA,NA,Upazilla,Upazilla,201510,NA,91.88995460088857,22.388390978352778,,
357,2.016611337661743,Fluvial Defended,10,BGD.2.4.2_1,BGD,Bangladesh,BGD.2_1,Chittagong,NA,BGD.2.4_1,Chittagong,NA,Bakalia,NA,NA,Upazilla,Upazilla,201510,NA,91.8874903216624,22.38758367924214,,
358,1.982539653778076,Fluvial Defended,10,BGD.2.4.2_1,BGD,Bangladesh,BGD.2_1,Chittagong,NA,BGD.2.4_1,Chittagong,NA,Bakalia,NA,NA,Upazilla,Upazilla,201510,NA,91.8883169777942,22.387639193299826,,
359,1.305549621582031,Fluvial Defended,10,BGD.2.4.2_1,BGD,Bangladesh,BGD.2_1,Chittagong,NA,BGD.2.4_1,Chittagong,NA,Bakalia,NA,NA,Upazilla,Upazilla,201510,NA,91.87166666666533,22.343333333578,,
360,1.377784967422485,Fluvial Defended,10,BGD.2.4.2_1,BGD,Bangladesh,BGD.2_1,Chittagong,NA,BGD.2.4_1,Chittagong,NA,Bakalia,NA,NA,Upazilla,Upazilla,201510,NA,91.8724414893846,22.34328047882776,,
361,1.326163768768311,Fluvial Defended,10,BGD.2.4.2_1,BGD,Bangladesh,BGD.2_1,Chittagong,NA,BGD.2.4_1,Chittagong,NA,Bakalia,NA,NA,Upazilla,Upazilla,201510,NA,91.87166666666533,22.342500000244662,,
362,1.383923530578613,Fluvial Defended,10,BGD.2.4.2_1,BGD,Bangladesh,BGD.2_1,Chittagong,NA,BGD.2.4_1,Chittagong,NA,Bakalia,NA,NA,Upazilla,Upazilla,201510,NA,91.87249999999867,22.342500000244662,,
363,1.407812118530273,Fluvial Defended,10,BGD.2.4.2_1,BGD,Bangladesh,BGD.2_1,Chittagong,NA,BGD.2.4_1,Chittagong,NA,Bakalia,NA,NA,Upazilla,Upazilla,201510,NA,91.87318085317419,22.342442722883376,,
364,1.357424259185791,Fluvial Defended,10,BGD.2.4.2_1,BGD,Bangladesh,BGD.2_1,Chittagong,NA,BGD.2.4_1,Chittagong,NA,Bakalia,NA,NA,Upazilla,Upazilla,201510,NA,91.87166666666533,22.341666666911333,,
365,1.424404144287109,Fluvial Defended,10,BGD.2.4.2_1,BGD,Bangladesh,BGD.2_1,Chittagong,NA,BGD.2.4_1,Chittagong,NA,Bakalia,NA,NA,Upazilla,Upazilla,201510,NA,91.87249999999867,22.341666666911333,,
366,1.471665859222412,Fluvial Defended,10,BGD.2.4.2_1,BGD,Bangladesh,BGD.2_1,Chittagong,NA,BGD.2.4_1,Chittagong,NA,Bakalia,NA,NA,Upazilla,Upazilla,201510,NA,91.87332152100623,22.34165666119638,,
367,1.394765853881836,Fluvial Defended,10,BGD.2.4.2_1,BGD,Bangladesh,BGD.2_1,Chittagong,NA,BGD.2.4_1,Chittagong,NA,Bakalia,NA,NA,Upazilla,Upazilla,201510,NA,91.87166666666533,22.340833333577997,,
368,1.485064506530762,Fluvial Defended,10,BGD.2.4.2_1,BGD,Bangladesh,BGD.2_1,Chittagong,NA,BGD.2.4_1,Chittagong,NA,Bakalia,NA,NA,Upazilla,Upazilla,201510,NA,91.87249999999867,22.340833333577997,,
369,1.579348921775818,Fluvial Defended,10,BGD.2.4.2_1,BGD,Bangladesh,BGD.2_1,Chittagong,NA,BGD.2.4_1,Chittagong,NA,Bakalia,NA,NA,Upazilla,Upazilla,201510,NA,91.873333333332,22.340833333577997,,
370,1.426482677459717,Fluvial Defended,10,BGD.2.4.2_1,BGD,Bangladesh,BGD.2_1,Chittagong,NA,BGD.2.4_1,Chittagong,NA,Bakalia,NA,NA,Upazilla,Upazilla,201510,NA,91.87166666666533,22.340000000244668,,
371,1.541931748390198,Fluvial Defended,10,BGD.2.4.2_1,BGD,Bangladesh,BGD.2_1,Chittagong,NA,BGD.2.4_1,Chittagong,NA,Bakalia,NA,NA,Upazilla,Upazilla,201510,NA,91.87249999999867,22.340000000244668,,
372,1.74186897277832,Fluvial Defended,10,BGD.2.4.2_1,BGD,Bangladesh,BGD.2_1,Chittagong,NA,BGD.2.4_1,Chittagong,NA,Bakalia,NA,NA,Upazilla,Upazilla,201510,NA,91.873333333332,22.340000000244668,,
373,1.440818548202515,Fluvial Defended,10,BGD.2.4.2_1,BGD,Bangladesh,BGD.2_1,Chittagong,NA,BGD.2.4_1,Chittagong,NA,Bakalia,NA,NA,Upazilla,Upazilla,201510,NA,91.87166666666533,22.339166666911336,,
374,1.514638185501099,Fluvial Defended,10,BGD.2.4.2_1,BGD,Bangladesh,BGD.2_1,Chittagong,NA,BGD.2.4_1,Chittagong,NA,Bakalia,NA,NA,Upazilla,Upazilla,201510,NA,91.87249999999867,22.339166666911336,,
375,1.891005039215088,Fluvial Defended,10,BGD.2.4.2_1,BGD,Bangladesh,BGD.2_1,Chittagong,NA,BGD.2.4_1,Chittagong,NA,Bakalia,NA,NA,Upazilla,Upazilla,201510,NA,91.873333333332,22.339166666911336,,
376,1.340882062911987,Fluvial Defended,10,BGD.2.4.2_1,BGD,Bangladesh,BGD.2_1,Chittagong,NA,BGD.2.4_1,Chittagong,NA,Bakalia,NA,NA,Upazilla,Upazilla,201510,NA,91.87083333333199,22.338333333578,,
377,1.48510217666626,Fluvial Defended,10,BGD.2.4.2_1,BGD,Bangladesh,BGD.2_1,Chittagong,NA,BGD.2.4_1,Chittagong,NA,Bakalia,NA,NA,Upazilla,Upazilla,201510,NA,91.87166666666533,22.338333333578,,
378,1.184492588043213,Fluvial Defended,10,BGD.2.4.2_1,BGD,Bangladesh,BGD.2_1,Chittagong,NA,BGD.2.4_1,Chittagong,NA,Bakalia,NA,NA,Upazilla,Upazilla,201510,NA,91.87249999999867,22.338333333578,,
379,1.946568846702576,Fluvial Defended,10,BGD.2.4.2_1,BGD,Bangladesh,BGD.2_1,Chittagong,NA,BGD.2.4_1,Chittagong,NA,Bakalia,NA,NA,Upazilla,Upazilla,201510,NA,91.87332694978723,22.33833869138257,,
380,1.311663866043091,Fluvial Defended,10,BGD.2.4.2_1,BGD,Bangladesh,BGD.2_1,Chittagong,NA,BGD.2.4_1,Chittagong,NA,Bakalia,NA,NA,Upazilla,Upazilla,201510,NA,91.870833333332,22.33750000024467,,
381,1.434445142745972,Fluvial Defended,10,BGD.2.4.2_1,BGD,Bangladesh,BGD.2_1,Chittagong,NA,BGD.2.4_1,Chittagong,NA,Bakalia,NA,NA,Upazilla,Upazilla,201510,NA,91.87166666666533,22.33750000024467,,
382,1.740057706832886,Fluvial Defended,10,BGD.2.4.2_1,BGD,Bangladesh,BGD.2_1,Chittagong,NA,BGD.2.4_1,Chittagong,NA,Bakalia,NA,NA,Upazilla,Upazilla,201510,NA,91.87249999999867,22.33750000024467,,
383,2.427913904190063,Fluvial Defended,10,BGD.2.4.2_1,BGD,Bangladesh,BGD.2_1,Chittagong,NA,BGD.2.4_1,Chittagong,NA,Bakalia,NA,NA,Upazilla,Upazilla,201510,NA,91.87323320272482,22.337527504059164,,
384,1.26042628288269,Fluvial Defended,10,BGD.2.4.2_1,BGD,Bangladesh,BGD.2_1,Chittagong,NA,BGD.2.4_1,Chittagong,NA,Bakalia,NA,NA,Upazilla,Upazilla,201510,NA,91.87083333333199,22.33666666691133,,
385,1.199286222457886,Fluvial Defended,10,BGD.2.4.2_1,BGD,Bangladesh,BGD.2_1,Chittagong,NA,BGD.2.4_1,Chittagong,NA,Bakalia,NA,NA,Upazilla,Upazilla,201510,NA,91.87166666666533,22.33666666691133,,
386,1.913397908210754,Fluvial Defended,10,BGD.2.4.2_1,BGD,Bangladesh,BGD.2_1,Chittagong,NA,BGD.2.4_1,Chittagong,NA,Bakalia,NA,NA,Upazilla,Upazilla,201510,NA,91.87249999999867,22.33666666691133,,
387,1.185787916183472,Fluvial Defended,10,BGD.2.4.2_1,BGD,Bangladesh,BGD.2_1,Chittagong,NA,BGD.2.4_1,Chittagong,NA,Bakalia,NA,NA,Upazilla,Upazilla,201510,NA,91.86999999999865,22.335833333578,,
388,1.343213558197021,Fluvial Defended,10,BGD.2.4.2_1,BGD,Bangladesh,BGD.2_1,Chittagong,NA,BGD.2.4_1,Chittagong,NA,Bakalia,NA,NA,Upazilla,Upazilla,201510,NA,91.87083333333199,22.335833333578,,
389,1.6950523853302,Fluvial Defended,10,BGD.2.4.2_1,BGD,Bangladesh,BGD.2_1,Chittagong,NA,BGD.2.4_1,Chittagong,NA,Bakalia,NA,NA,Upazilla,Upazilla,201510,NA,91.87166666666533,22.335833333578,,
390,1.606687188148499,Fluvial Defended,10,BGD.2.4.2_1,BGD,Bangladesh,BGD.2_1,Chittagong,NA,BGD.2.4_1,Chittagong,NA,Bakalia,NA,NA,Upazilla,Upazilla,201510,NA,91.8724931766654,22.33583939552801,,
391,1.1323561668396,Fluvial Defended,10,BGD.2.4.2_1,BGD,Bangladesh,BGD.2_1,Chittagong,NA,BGD.2.4_1,Chittagong,NA,Bakalia,NA,NA,Upazilla,Upazilla,201510,NA,91.86999999999865,22.33500000024467,,
392,1.229583024978638,Fluvial Defended,10,BGD.2.4.2_1,BGD,Bangladesh,BGD.2_1,Chittagong,NA,BGD.2.4_1,Chittagong,NA,Bakalia,NA,NA,Upazilla,Upazilla,201510,NA,91.87083333333199,22.33500000024467,,
393,1.332994937896729,Fluvial Defended,10,BGD.2.4.2_1,BGD,Bangladesh,BGD.2_1,Chittagong,NA,BGD.2.4_1,Chittagong,NA,Bakalia,NA,NA,Upazilla,Upazilla,201510,NA,91.87166666666533,22.33500000024467,,
394,1.28459358215332,Fluvial Defended,10,BGD.2.4.2_1,BGD,Bangladesh,BGD.2_1,Chittagong,NA,BGD.2.4_1,Chittagong,NA,Bakalia,NA,NA,Upazilla,Upazilla,201510,NA,91.87236235402621,22.335055980325162,,
395,1.107027292251587,Fluvial Defended,10,BGD.2.4.2_1,BGD,Bangladesh,BGD.2_1,Chittagong,NA,BGD.2.4_1,Chittagong,NA,Bakalia,NA,NA,Upazilla,Upazilla,201510,NA,91.870833333332,22.33416666691133,,
396,0.0,Fluvial Defended,10,BGD.2.4.2_1,BGD,Bangladesh,BGD.2_1,Chittagong,NA,BGD.2.4_1,Chittagong,NA,Bakalia,NA,NA,Upazilla,Upazilla,201510,NA,91.81135422231357,22.35237678198149,,
